{
  "resourceType": "ValueSet",
  "id": "33034",
  "meta": {
    "lastUpdated": "2019-06-09T16:55:57.423-04:00"
  },
  "url": "https://www.ncqa.org/fhir/valueset/2.16.840.1.113883.3.464.1004.1043",
  "identifier": [
    {
      "value": "2.16.840.1.113883.3.464.1004.1043"
    }
  ],
  "version": "Working",
  "name": "Bilateral_Modifier",
  "title": "Bilateral Modifier",
  "status": "active",
  "expansion": {
    "timestamp": "2021-04-05T14:51:05-04:00",
    "total": 1,
    "offset": 0,
    "contains": [
      {
        "system": "http://www.ama-assn.org/go/cpt",
        "version": "2021.2.20AB",
        "code": "50",
        "display": "Bilateral Procedure [50]"
      }
    ]
  }
}