{
  "resourceType": "ValueSet",
  "id": "33082",
  "meta": {
    "lastUpdated": "2019-06-09T17:05:57.744-04:00"
  },
  "url": "https://www.ncqa.org/fhir/valueset/2.16.840.1.113883.3.464.1004.1762",
  "identifier": [
    {
      "value": "2.16.840.1.113883.3.464.1004.1762"
    }
  ],
  "version": "Working",
  "name": "Hospice_Intervention",
  "title": "Hospice Intervention",
  "status": "active",
  "expansion": {
    "timestamp": "2021-04-05T14:49:15-04:00",
    "total": 6,
    "offset": 0,
    "contains": [
      {
        "system": "http://snomed.info/sct",
        "version": "2020.09.20AA",
        "code": "170935008",
        "display": "Full care by hospice"
      },
      {
        "system": "http://snomed.info/sct",
        "version": "2020.09.20AA",
        "code": "385763009",
        "display": "Hospice care"
      },
      {
        "system": "https://www.cms.gov/Medicare/Coding/MedHCPCSGenInfo/index.html",
        "version": "2021.1.20AB",
        "code": "G0182",
        "display": "Physician supervision of a patient under a medicare-approved hospice (patient not present) requiring complex and multidisciplinary care modalities involving regular physician development and/or revision of care plans, review of subsequent reports of patient status, review of laboratory and other studies, communication (including telephone calls) with other health care professionals involved in the patient's care, integration of new information into the medical treatment plan and/or adjustment of medical therapy, within a calendar month, 30 minutes or more"
      },
      {
        "system": "http://snomed.info/sct",
        "version": "2020.09.20AA",
        "code": "170936009",
        "display": "Shared care - hospice and GP"
      },
      {
        "system": "http://www.ama-assn.org/go/cpt",
        "version": "2021.2.20AB",
        "code": "99377",
        "display": "Supervision of a hospice patient (patient not present) requiring complex and multidisciplinary care modalities involving regular development and/or revision of care plans by that individual, review of subsequent reports of patient status, review of related laboratory and other studies, communication (including telephone calls) for purposes of assessment or care decisions with health care professional(s), family member(s), surrogate decision maker(s) (eg, legal guardian) and/or key caregiver(s) involved in patient's care, integration of new information into the medical treatment plan and/or adjustment of medical therapy, within a calendar month; 15-29 minutes"
      },
      {
        "system": "http://www.ama-assn.org/go/cpt",
        "version": "2021.2.20AB",
        "code": "99378",
        "display": "Supervision of a hospice patient (patient not present) requiring complex and multidisciplinary care modalities involving regular development and/or revision of care plans by that individual, review of subsequent reports of patient status, review of related laboratory and other studies, communication (including telephone calls) for purposes of assessment or care decisions with health care professional(s), family member(s), surrogate decision maker(s) (eg, legal guardian) and/or key caregiver(s) involved in patient's care, integration of new information into the medical treatment plan and/or adjustment of medical therapy, within a calendar month; 30 minutes or more"
      }
    ]
  }
}