{
  "resourceType": "ValueSet",
  "id": "33058",
  "meta": {
    "lastUpdated": "2019-06-09T17:01:09.778-04:00"
  },
  "url": "https://www.ncqa.org/fhir/valueset/2.16.840.1.113883.3.464.1004.1086",
  "identifier": [
    {
      "value": "2.16.840.1.113883.3.464.1004.1086"
    }
  ],
  "version": "Working",
  "name": "ED",
  "title": "ED",
  "status": "active",
  "expansion": {
    "timestamp": "2021-04-05T14:47:01-04:00",
    "total": 12,
    "offset": 0,
    "contains": [
      {
        "version": "2012.05",
        "code": "0450",
        "display": "General"
      },
      {
        "version": "2012.05",
        "code": "0451",
        "display": "EMTALA emergency medical screening services"
      },
      {
        "version": "2012.05",
        "code": "0452",
        "display": "ER beyond EMTALA screening"
      },
      {
        "version": "2012.05",
        "code": "0456",
        "display": "Urgent care"
      },
      {
        "version": "2012.05",
        "code": "0459",
        "display": "Other ER"
      },
      {
        "version": "2012.05",
        "code": "0981",
        "display": "Emergency room"
      },
      {
        "system": "http://snomed.info/sct",
        "version": "2020.09.20AA",
        "code": "4525004",
        "display": "Emergency department patient visit"
      },
      {
        "system": "http://www.ama-assn.org/go/cpt",
        "version": "2021.2.20AB",
        "code": "99285",
        "display": "Emergency department visit for the evaluation and management of a patient, which requires these 3 key components within the constraints imposed by the urgency of the patient's clinical condition and/or mental status: A comprehensive history; A comprehensive examination; and Medical decision making of high complexity. Counseling and/or coordination of care with other physicians, other qualified health care professionals, or agencies are provided consistent with the nature of the problem(s) and the patient's and/or family's needs. Usually, the presenting problem(s) are of high severity and pose an immediate significant threat to life or physiologic function."
      },
      {
        "system": "http://www.ama-assn.org/go/cpt",
        "version": "2021.2.20AB",
        "code": "99284",
        "display": "Emergency department visit for the evaluation and management of a patient, which requires these 3 key components: A detailed history; A detailed examination; and Medical decision making of moderate complexity. Counseling and/or coordination of care with other physicians, other qualified health care professionals, or agencies are provided consistent with the nature of the problem(s) and the patient's and/or family's needs. Usually, the presenting problem(s) are of high severity, and require urgent evaluation by the physician, or other qualified health care professionals but do not pose an immediate significant threat to life or physiologic function."
      },
      {
        "system": "http://www.ama-assn.org/go/cpt",
        "version": "2021.2.20AB",
        "code": "99281",
        "display": "Emergency department visit for the evaluation and management of a patient, which requires these 3 key components: A problem focused history; A problem focused examination; and Straightforward medical decision making. Counseling and/or coordination of care with other physicians, other qualified health care professionals, or agencies are provided consistent with the nature of the problem(s) and the patient's and/or family's needs. Usually, the presenting problem(s) are self limited or minor."
      },
      {
        "system": "http://www.ama-assn.org/go/cpt",
        "version": "2021.2.20AB",
        "code": "99282",
        "display": "Emergency department visit for the evaluation and management of a patient, which requires these 3 key components: An expanded problem focused history; An expanded problem focused examination; and Medical decision making of low complexity. Counseling and/or coordination of care with other physicians, other qualified health care professionals, or agencies are provided consistent with the nature of the problem(s) and the patient's and/or family's needs. Usually, the presenting problem(s) are of low to moderate severity."
      },
      {
        "system": "http://www.ama-assn.org/go/cpt",
        "version": "2021.2.20AB",
        "code": "99283",
        "display": "Emergency department visit for the evaluation and management of a patient, which requires these 3 key components: An expanded problem focused history; An expanded problem focused examination; and Medical decision making of moderate complexity. Counseling and/or coordination of care with other physicians, other qualified health care professionals, or agencies are provided consistent with the nature of the problem(s) and the patient's and/or family's needs. Usually, the presenting problem(s) are of moderate severity."
      }
    ]
  }
}