{
  "resourceType": "ValueSet",
  "id": "33068",
  "meta": {
    "lastUpdated": "2019-06-09T17:03:18.400-04:00"
  },
  "url": "https://www.ncqa.org/fhir/valueset/2.16.840.1.113883.3.464.1004.1533",
  "identifier": [
    {
      "value": "2.16.840.1.113883.3.464.1004.1533"
    }
  ],
  "version": "Working",
  "name": "Frailty_Symptom",
  "title": "Frailty Symptom",
  "status": "active",
  "expansion": {
    "timestamp": "2021-04-05T14:51:54-04:00",
    "total": 214,
    "offset": 0,
    "contains": [
      {
        "system": "http://snomed.info/sct",
        "version": "2020.09.20AA",
        "code": "250011000",
        "display": "3 point swing through gait"
      },
      {
        "system": "http://snomed.info/sct",
        "version": "2020.09.20AA",
        "code": "250012007",
        "display": "3 point swing to gait"
      },
      {
        "system": "http://snomed.info/sct",
        "version": "2020.09.20AA",
        "code": "11237000",
        "display": "4 point gait"
      },
      {
        "system": "http://snomed.info/sct",
        "version": "2020.09.20AA",
        "code": "162239000",
        "display": "Abdominal weakness"
      },
      {
        "system": "http://snomed.info/sct",
        "version": "2020.09.20AA",
        "code": "22325002",
        "display": "Abnormal gait"
      },
      {
        "system": "http://snomed.info/sct",
        "version": "2020.09.20AA",
        "code": "431524008",
        "display": "Abnormal gait due to impairment of balance"
      },
      {
        "system": "http://snomed.info/sct",
        "version": "2020.09.20AA",
        "code": "432559006",
        "display": "Abnormal gait due to muscle weakness"
      },
      {
        "system": "http://snomed.info/sct",
        "version": "2020.09.20AA",
        "code": "267024001",
        "display": "Abnormal weight loss"
      },
      {
        "system": "http://snomed.info/sct",
        "version": "2020.09.20AA",
        "code": "398218008",
        "display": "Accelerating gait"
      },
      {
        "system": "http://snomed.info/sct",
        "version": "2020.09.20AA",
        "code": "102891000",
        "display": "Age-related cognitive decline"
      },
      {
        "system": "http://snomed.info/sct",
        "version": "2020.09.20AA",
        "code": "250008001",
        "display": "Amputee gait"
      },
      {
        "system": "http://snomed.info/sct",
        "version": "2020.09.20AA",
        "code": "67141003",
        "display": "Antalgic gait"
      },
      {
        "system": "http://snomed.info/sct",
        "version": "2020.09.20AA",
        "code": "250015009",
        "display": "Arthritic gait"
      },
      {
        "system": "http://snomed.info/sct",
        "version": "2020.09.20AA",
        "code": "13791008",
        "display": "Asthenia"
      },
      {
        "system": "http://snomed.info/sct",
        "version": "2020.09.20AA",
        "code": "25136009",
        "display": "Ataxic gait"
      },
      {
        "system": "http://snomed.info/sct",
        "version": "2020.09.20AA",
        "code": "62334008",
        "display": "Athetotic gait"
      },
      {
        "system": "http://snomed.info/sct",
        "version": "2020.09.20AA",
        "code": "248278004",
        "display": "Attacks of weakness"
      },
      {
        "system": "http://snomed.info/sct",
        "version": "2020.09.20AA",
        "code": "160685001",
        "display": "Bed-ridden"
      },
      {
        "system": "http://snomed.info/sct",
        "version": "2020.09.20AA",
        "code": "127378008",
        "display": "Bilateral paresis"
      },
      {
        "system": "http://snomed.info/sct",
        "version": "2020.09.20AA",
        "code": "250056007",
        "display": "Bizarre gait"
      },
      {
        "system": "http://snomed.info/sct",
        "version": "2020.09.20AA",
        "code": "250021008",
        "display": "Bouncy gait"
      },
      {
        "system": "http://snomed.info/sct",
        "version": "2020.09.20AA",
        "code": "40192003",
        "display": "Buttocks prominent when walking"
      },
      {
        "system": "http://snomed.info/sct",
        "version": "2020.09.20AA",
        "code": "238108007",
        "display": "Cachexia"
      },
      {
        "system": "http://snomed.info/sct",
        "version": "2020.09.20AA",
        "code": "31464009",
        "display": "Calcaneal gait"
      },
      {
        "system": "http://snomed.info/sct",
        "version": "2020.09.20AA",
        "code": "309249007",
        "display": "Calf muscle weakness"
      },
      {
        "system": "http://snomed.info/sct",
        "version": "2020.09.20AA",
        "code": "284529003",
        "display": "Cardiac cachexia"
      },
      {
        "system": "http://snomed.info/sct",
        "version": "2020.09.20AA",
        "code": "250044006",
        "display": "Cautious gait"
      },
      {
        "system": "http://snomed.info/sct",
        "version": "2020.09.20AA",
        "code": "365884000",
        "display": "Cerebellar ataxic gait"
      },
      {
        "system": "http://snomed.info/sct",
        "version": "2020.09.20AA",
        "code": "69021004",
        "display": "Cerebellar gait"
      },
      {
        "system": "http://snomed.info/sct",
        "version": "2020.09.20AA",
        "code": "55791005",
        "display": "Charcot's gait"
      },
      {
        "system": "http://snomed.info/sct",
        "version": "2020.09.20AA",
        "code": "250040002",
        "display": "Choreic gait"
      },
      {
        "system": "http://snomed.info/sct",
        "version": "2020.09.20AA",
        "code": "73514000",
        "display": "Circling gait"
      },
      {
        "system": "http://snomed.info/sct",
        "inactive": true,
        "version": "2020.09.20AA",
        "code": "272062008",
        "display": "C/O - \"tired all the time\""
      },
      {
        "system": "http://snomed.info/sct",
        "version": "2020.09.20AA",
        "code": "272036004",
        "display": "C/O - debility - malaise"
      },
      {
        "system": "http://snomed.info/sct",
        "version": "2020.09.20AA",
        "code": "78119002",
        "display": "Complete bilateral paresis"
      },
      {
        "system": "http://snomed.info/sct",
        "version": "2020.09.20AA",
        "code": "160684002",
        "display": "Confined to chair"
      },
      {
        "system": "http://snomed.info/sct",
        "version": "2020.09.20AA",
        "code": "250016005",
        "display": "Crouch gait"
      },
      {
        "system": "http://snomed.info/sct",
        "version": "2020.09.20AA",
        "code": "79021000119104",
        "display": "Dependence on aspirator"
      },
      {
        "system": "http://snomed.info/sct",
        "version": "2020.09.20AA",
        "code": "429091008",
        "display": "Dependence on biphasic positive airway pressure ventilation"
      },
      {
        "system": "http://snomed.info/sct",
        "version": "2020.09.20AA",
        "code": "16419651000119103",
        "display": "Dependence on biphasic positive airway pressure ventilation due to central sleep apnea syndrome"
      },
      {
        "system": "http://snomed.info/sct",
        "version": "2020.09.20AA",
        "code": "429487005",
        "display": "Dependence on continuous positive airway pressure ventilation"
      },
      {
        "system": "http://snomed.info/sct",
        "version": "2020.09.20AA",
        "code": "60651000119103",
        "display": "Dependence on continuous supplemental oxygen"
      },
      {
        "system": "http://snomed.info/sct",
        "version": "2020.09.20AA",
        "code": "105501005",
        "display": "Dependence on enabling machine or device"
      },
      {
        "system": "http://snomed.info/sct",
        "version": "2020.09.20AA",
        "code": "60631000119109",
        "display": "Dependence on home ventilator"
      },
      {
        "system": "http://snomed.info/sct",
        "version": "2020.09.20AA",
        "code": "713655003",
        "display": "Dependence on non-invasive ventilation"
      },
      {
        "system": "http://snomed.info/sct",
        "version": "2020.09.20AA",
        "code": "79031000119101",
        "display": "Dependence on respirator"
      },
      {
        "system": "http://snomed.info/sct",
        "version": "2020.09.20AA",
        "code": "152921000119101",
        "display": "Dependence on respiratory device"
      },
      {
        "system": "http://snomed.info/sct",
        "version": "2020.09.20AA",
        "code": "931000119107",
        "display": "Dependence on supplemental oxygen"
      },
      {
        "system": "http://snomed.info/sct",
        "version": "2020.09.20AA",
        "code": "89201000119106",
        "display": "Dependence on supplemental oxygen when ambulating"
      },
      {
        "system": "http://snomed.info/sct",
        "version": "2020.09.20AA",
        "code": "444932008",
        "display": "Dependence on ventilator"
      },
      {
        "system": "http://snomed.info/sct",
        "version": "2020.09.20AA",
        "code": "105504002",
        "display": "Dependence on walking stick"
      },
      {
        "system": "http://snomed.info/sct",
        "version": "2020.09.20AA",
        "code": "105503008",
        "display": "Dependence on wheelchair"
      },
      {
        "system": "http://snomed.info/sct",
        "version": "2020.09.20AA",
        "code": "413121008",
        "display": "Dependent on helper pushing wheelchair"
      },
      {
        "system": "http://snomed.info/sct",
        "version": "2020.09.20AA",
        "code": "95438009",
        "display": "Diaphragmatic paresis"
      },
      {
        "system": "http://snomed.info/sct",
        "version": "2020.09.20AA",
        "code": "249942005",
        "display": "Distal muscle weakness"
      },
      {
        "system": "http://snomed.info/sct",
        "version": "2020.09.20AA",
        "code": "11172006",
        "display": "Double step gait"
      },
      {
        "system": "http://snomed.info/sct",
        "version": "2020.09.20AA",
        "code": "53626000",
        "display": "Drag-to gait"
      },
      {
        "system": "http://snomed.info/sct",
        "version": "2020.09.20AA",
        "code": "275313006",
        "display": "Dragging leg"
      },
      {
        "system": "http://snomed.info/sct",
        "version": "2020.09.20AA",
        "code": "250042005",
        "display": "Dystonic gait"
      },
      {
        "system": "http://snomed.info/sct",
        "version": "2020.09.20AA",
        "code": "444042007",
        "display": "Postexertional fatigue"
      },
      {
        "system": "http://snomed.info/sct",
        "version": "2020.09.20AA",
        "code": "309257005",
        "display": "Excessive weight loss"
      },
      {
        "system": "http://snomed.info/sct",
        "version": "2020.09.20AA",
        "code": "87242005",
        "display": "Extensor thrust pattern"
      },
      {
        "system": "http://snomed.info/sct",
        "version": "2020.09.20AA",
        "code": "250036006",
        "display": "Extrapyramidal gait"
      },
      {
        "system": "http://snomed.info/sct",
        "version": "2020.09.20AA",
        "code": "102492002",
        "display": "Failure to maintain weight"
      },
      {
        "system": "http://snomed.info/sct",
        "version": "2020.09.20AA",
        "code": "84229001",
        "display": "Fatigue"
      },
      {
        "system": "http://snomed.info/sct",
        "inactive": true,
        "version": "2020.09.20AA",
        "code": "272060000",
        "display": "Fatigue - symptom"
      },
      {
        "system": "http://snomed.info/sct",
        "inactive": true,
        "version": "2020.09.20AA",
        "code": "314109004",
        "display": "Feeling tired"
      },
      {
        "system": "http://snomed.info/sct",
        "version": "2020.09.20AA",
        "code": "397776000",
        "display": "Festinating gait"
      },
      {
        "system": "http://snomed.info/sct",
        "version": "2020.09.20AA",
        "code": "27253007",
        "display": "Foot-drop gait"
      },
      {
        "system": "http://snomed.info/sct",
        "version": "2020.09.20AA",
        "code": "404904002",
        "display": "Frail elderly"
      },
      {
        "system": "http://snomed.info/sct",
        "version": "2020.09.20AA",
        "code": "248279007",
        "display": "Frailty"
      },
      {
        "system": "http://snomed.info/sct",
        "version": "2020.09.20AA",
        "code": "443544006",
        "display": "Freezing of gait"
      },
      {
        "system": "http://snomed.info/sct",
        "version": "2020.09.20AA",
        "code": "250048009",
        "display": "Frontal ataxia"
      },
      {
        "system": "http://snomed.info/sct",
        "version": "2020.09.20AA",
        "code": "69161000119103",
        "display": "Functional gait abnormality"
      },
      {
        "system": "http://snomed.info/sct",
        "version": "2020.09.20AA",
        "code": "30767006",
        "display": "Gait apraxia"
      },
      {
        "system": "http://snomed.info/sct",
        "version": "2020.09.20AA",
        "code": "424429009",
        "display": "Gait dyspraxia"
      },
      {
        "system": "http://snomed.info/sct",
        "version": "2020.09.20AA",
        "code": "48304002",
        "display": "Gluteus maximus gait"
      },
      {
        "system": "http://snomed.info/sct",
        "version": "2020.09.20AA",
        "code": "298283006",
        "display": "Hand muscle weakness"
      },
      {
        "system": "http://snomed.info/sct",
        "version": "2020.09.20AA",
        "code": "161874006",
        "display": "Heavy feeling"
      },
      {
        "system": "http://snomed.info/sct",
        "version": "2020.09.20AA",
        "code": "161873000",
        "display": "Heavy legs"
      },
      {
        "system": "http://snomed.info/sct",
        "version": "2020.09.20AA",
        "code": "8461001",
        "display": "Heel toe gait"
      },
      {
        "system": "http://snomed.info/sct",
        "version": "2020.09.20AA",
        "code": "52751000",
        "display": "Hemiplegic gait"
      },
      {
        "system": "http://snomed.info/sct",
        "version": "2020.09.20AA",
        "code": "250043000",
        "display": "High level sensorimotor gait disorder"
      },
      {
        "system": "http://snomed.info/sct",
        "version": "2020.09.20AA",
        "code": "271707009",
        "display": "Hysterical gait"
      },
      {
        "system": "http://snomed.info/sct",
        "version": "2020.09.20AA",
        "code": "250019003",
        "display": "In-toeing gait"
      },
      {
        "system": "http://snomed.info/sct",
        "version": "2020.09.20AA",
        "code": "250055006",
        "display": "Incongruous gait"
      },
      {
        "system": "http://snomed.info/sct",
        "version": "2020.09.20AA",
        "code": "165243005",
        "display": "Independent in wheelchair"
      },
      {
        "system": "http://snomed.info/sct",
        "version": "2020.09.20AA",
        "code": "44227003",
        "display": "Intermittent double-step gait"
      },
      {
        "system": "http://snomed.info/sct",
        "version": "2020.09.20AA",
        "code": "250005003",
        "display": "Interrupted gait"
      },
      {
        "system": "http://snomed.info/sct",
        "version": "2020.09.20AA",
        "code": "414562003",
        "display": "Knuckling over"
      },
      {
        "system": "http://snomed.info/sct",
        "version": "2020.09.20AA",
        "code": "129568000",
        "display": "Laryngeal paresis"
      },
      {
        "system": "http://snomed.info/sct",
        "version": "2020.09.20AA",
        "code": "16973004",
        "display": "Limping"
      },
      {
        "system": "http://snomed.info/sct",
        "version": "2020.09.20AA",
        "code": "160734000",
        "display": "Lives in a nursing home"
      },
      {
        "system": "http://snomed.info/sct",
        "version": "2020.09.20AA",
        "code": "160737007",
        "display": "Lives in an old peoples home"
      },
      {
        "system": "http://snomed.info/sct",
        "version": "2020.09.20AA",
        "code": "250003005",
        "display": "Low level sensorimotor gait disorder"
      },
      {
        "system": "http://snomed.info/sct",
        "version": "2020.09.20AA",
        "code": "250023006",
        "display": "Lurching gait"
      },
      {
        "system": "http://snomed.info/sct",
        "version": "2020.09.20AA",
        "code": "250050001",
        "display": "Magnetic gait"
      },
      {
        "system": "http://snomed.info/sct",
        "version": "2020.09.20AA",
        "code": "367391008",
        "display": "Malaise"
      },
      {
        "system": "http://snomed.info/sct",
        "version": "2020.09.20AA",
        "code": "271795006",
        "display": "Malaise and fatigue"
      },
      {
        "system": "http://snomed.info/sct",
        "version": "2020.09.20AA",
        "code": "250049001",
        "display": "Marche a petits pas"
      },
      {
        "system": "http://snomed.info/sct",
        "version": "2020.09.20AA",
        "code": "250034009",
        "display": "Middle level sensorimotor gait disorder"
      },
      {
        "system": "http://snomed.info/sct",
        "version": "2020.09.20AA",
        "code": "165244004",
        "display": "Minimal help in wheelchair"
      },
      {
        "system": "http://snomed.info/sct",
        "version": "2020.09.20AA",
        "code": "160681005",
        "display": "Mobile outside with aid"
      },
      {
        "system": "http://snomed.info/sct",
        "version": "2020.09.20AA",
        "code": "160693001",
        "display": "Mobility poor"
      },
      {
        "system": "http://snomed.info/sct",
        "version": "2020.09.20AA",
        "code": "160692006",
        "display": "Mobility very poor"
      },
      {
        "system": "http://snomed.info/sct",
        "version": "2020.09.20AA",
        "code": "428116008",
        "display": "Multifactorial gait problem"
      },
      {
        "system": "http://snomed.info/sct",
        "version": "2020.09.20AA",
        "code": "26544005",
        "display": "Muscle weakness"
      },
      {
        "system": "http://snomed.info/sct",
        "version": "2020.09.20AA",
        "code": "713514005",
        "display": "Muscle weakness of limb"
      },
      {
        "system": "http://snomed.info/sct",
        "version": "2020.09.20AA",
        "code": "713512009",
        "display": "Muscle weakness of upper limb"
      },
      {
        "system": "http://snomed.info/sct",
        "version": "2020.09.20AA",
        "code": "250020009",
        "display": "Myopathic gait"
      },
      {
        "system": "http://snomed.info/sct",
        "version": "2020.09.20AA",
        "code": "160683008",
        "display": "Needs walking aid in home"
      },
      {
        "system": "http://snomed.info/sct",
        "version": "2020.09.20AA",
        "code": "41786007",
        "display": "Neurological muscle weakness"
      },
      {
        "system": "http://snomed.info/sct",
        "version": "2020.09.20AA",
        "code": "713568000",
        "display": "Occasionally tired"
      },
      {
        "system": "http://snomed.info/sct",
        "version": "2020.09.20AA",
        "code": "268964003",
        "display": "O/E-festination-Parkinson gait"
      },
      {
        "system": "http://snomed.info/sct",
        "version": "2020.09.20AA",
        "code": "163686004",
        "display": "O/E - gait ataxic"
      },
      {
        "system": "http://snomed.info/sct",
        "version": "2020.09.20AA",
        "code": "163685000",
        "display": "O/E - gait spastic"
      },
      {
        "system": "http://snomed.info/sct",
        "version": "2020.09.20AA",
        "code": "163690002",
        "display": "O/E - hysterical gait"
      },
      {
        "system": "http://snomed.info/sct",
        "version": "2020.09.20AA",
        "code": "163691003",
        "display": "O/E - limping gait"
      },
      {
        "system": "http://snomed.info/sct",
        "version": "2020.09.20AA",
        "code": "163695007",
        "display": "O/E - muscle power reduced"
      },
      {
        "system": "http://snomed.info/sct",
        "version": "2020.09.20AA",
        "code": "163600007",
        "display": "O/E - paresis (weakness)"
      },
      {
        "system": "http://snomed.info/sct",
        "version": "2020.09.20AA",
        "code": "163689006",
        "display": "O/E - steppage gait"
      },
      {
        "system": "http://snomed.info/sct",
        "version": "2020.09.20AA",
        "code": "163688003",
        "display": "O/E - waddling gait"
      },
      {
        "system": "http://snomed.info/sct",
        "version": "2020.09.20AA",
        "code": "4468000",
        "display": "Oppenheim's gait"
      },
      {
        "system": "http://snomed.info/sct",
        "version": "2020.09.20AA",
        "code": "250006002",
        "display": "Overcomes interrupted gait spontaneously"
      },
      {
        "system": "http://snomed.info/sct",
        "version": "2020.09.20AA",
        "code": "428264009",
        "display": "Painful gait"
      },
      {
        "system": "http://snomed.info/sct",
        "version": "2020.09.20AA",
        "code": "129584004",
        "display": "Palatal paresis"
      },
      {
        "system": "http://snomed.info/sct",
        "version": "2020.09.20AA",
        "code": "250035005",
        "display": "Paraplegic gait"
      },
      {
        "system": "http://snomed.info/sct",
        "version": "2020.09.20AA",
        "code": "16018391000119104",
        "display": "Paresis of left lower limb"
      },
      {
        "system": "http://snomed.info/sct",
        "version": "2020.09.20AA",
        "code": "102568007",
        "display": "Paresis of lower extremity"
      },
      {
        "system": "http://snomed.info/sct",
        "version": "2020.09.20AA",
        "code": "16018431000119109",
        "display": "Paresis of right lower limb"
      },
      {
        "system": "http://snomed.info/sct",
        "version": "2020.09.20AA",
        "code": "50314001",
        "display": "Partial bilateral paresis"
      },
      {
        "system": "http://snomed.info/sct",
        "version": "2020.09.20AA",
        "code": "249941003",
        "display": "Pelvic girdle weakness"
      },
      {
        "system": "http://snomed.info/sct",
        "version": "2020.09.20AA",
        "code": "250024000",
        "display": "Peripheral neuropathic gait"
      },
      {
        "system": "http://snomed.info/sct",
        "version": "2020.09.20AA",
        "code": "250027007",
        "display": "Peripheral sensory gait disorder"
      },
      {
        "system": "http://snomed.info/sct",
        "version": "2020.09.20AA",
        "code": "250004004",
        "display": "Peripheral skeletomuscular gait disorder"
      },
      {
        "system": "http://snomed.info/sct",
        "version": "2020.09.20AA",
        "code": "250052009",
        "display": "Petren's gait"
      },
      {
        "system": "http://snomed.info/sct",
        "version": "2020.09.20AA",
        "code": "129567005",
        "display": "Pharyngeal paresis"
      },
      {
        "system": "http://snomed.info/sct",
        "version": "2020.09.20AA",
        "code": "250057003",
        "display": "Pretended abnormality of gait"
      },
      {
        "system": "http://snomed.info/sct",
        "version": "2020.09.20AA",
        "code": "15929301000119104",
        "display": "Problem related to living in residential institution"
      },
      {
        "system": "http://snomed.info/sct",
        "version": "2020.09.20AA",
        "code": "250009009",
        "display": "Prosthetic limb gait"
      },
      {
        "system": "http://snomed.info/sct",
        "version": "2020.09.20AA",
        "code": "249939004",
        "display": "Proximal muscle weakness"
      },
      {
        "system": "http://snomed.info/sct",
        "version": "2020.09.20AA",
        "code": "135834002",
        "display": "Pseudoparalysis"
      },
      {
        "system": "http://snomed.info/sct",
        "version": "2020.09.20AA",
        "code": "418073009",
        "display": "Pseudoparalysis due to generalized arthritis"
      },
      {
        "system": "http://snomed.info/sct",
        "version": "2020.09.20AA",
        "code": "442099003",
        "display": "Psychogenic fatigue"
      },
      {
        "system": "http://snomed.info/sct",
        "version": "2020.09.20AA",
        "code": "249946008",
        "display": "Pyramidal type muscle weakness"
      },
      {
        "system": "http://snomed.info/sct",
        "version": "2020.09.20AA",
        "code": "300948004",
        "display": "Quadriceps weakness"
      },
      {
        "system": "http://snomed.info/sct",
        "version": "2020.09.20AA",
        "code": "250002000",
        "display": "Rapid fatigue of gait"
      },
      {
        "system": "http://snomed.info/sct",
        "version": "2020.09.20AA",
        "code": "426977000",
        "display": "Recent weight loss"
      },
      {
        "system": "http://snomed.info/sct",
        "version": "2020.09.20AA",
        "code": "8510008",
        "display": "Reduced mobility"
      },
      {
        "system": "http://snomed.info/sct",
        "version": "2020.09.20AA",
        "code": "35136003",
        "display": "Retropulsion"
      },
      {
        "system": "http://snomed.info/sct",
        "version": "2020.09.20AA",
        "code": "250038007",
        "display": "Retropulsion when walking"
      },
      {
        "system": "http://snomed.info/sct",
        "version": "2020.09.20AA",
        "code": "22090007",
        "display": "Scissoring gait"
      },
      {
        "system": "http://snomed.info/sct",
        "version": "2020.09.20AA",
        "code": "102992006",
        "display": "Scissors gait on eyes closed straight line walking test"
      },
      {
        "system": "http://snomed.info/sct",
        "version": "2020.09.20AA",
        "code": "18726006",
        "display": "Senile asthenia"
      },
      {
        "system": "http://snomed.info/sct",
        "inactive": true,
        "version": "2020.09.20AA",
        "code": "271875007",
        "display": "Senile debility"
      },
      {
        "system": "http://snomed.info/sct",
        "version": "2020.09.20AA",
        "code": "373931001",
        "display": "Sensation of heaviness in limbs"
      },
      {
        "system": "http://snomed.info/sct",
        "version": "2020.09.20AA",
        "code": "250029005",
        "display": "Sensory ataxic gait"
      },
      {
        "system": "http://snomed.info/sct",
        "version": "2020.09.20AA",
        "code": "84153003",
        "display": "Short-leg limp"
      },
      {
        "system": "http://snomed.info/sct",
        "version": "2020.09.20AA",
        "code": "249940002",
        "display": "Shoulder girdle weakness"
      },
      {
        "system": "http://snomed.info/sct",
        "version": "2020.09.20AA",
        "code": "43005009",
        "display": "Shuffling gait"
      },
      {
        "system": "http://snomed.info/sct",
        "version": "2020.09.20AA",
        "code": "250051002",
        "display": "Slipping clutch gait"
      },
      {
        "system": "http://snomed.info/sct",
        "version": "2020.09.20AA",
        "code": "9447003",
        "display": "Spastic gait"
      },
      {
        "system": "http://snomed.info/sct",
        "version": "2020.09.20AA",
        "code": "312444006",
        "display": "Spastic paraparesis"
      },
      {
        "system": "http://snomed.info/sct",
        "version": "2020.09.20AA",
        "code": "371028005",
        "display": "Spastic paresis"
      },
      {
        "system": "http://snomed.info/sct",
        "version": "2020.09.20AA",
        "code": "20940004",
        "display": "Spinal hemiparesis"
      },
      {
        "system": "http://snomed.info/sct",
        "version": "2020.09.20AA",
        "code": "23042008",
        "display": "Spinal paraparesis"
      },
      {
        "system": "http://snomed.info/sct",
        "version": "2020.09.20AA",
        "code": "250028002",
        "display": "Spinning gait"
      },
      {
        "system": "http://snomed.info/sct",
        "version": "2020.09.20AA",
        "code": "78691002",
        "display": "Staggering gait"
      },
      {
        "system": "http://snomed.info/sct",
        "version": "2020.09.20AA",
        "code": "250014008",
        "display": "Stiff knee gait"
      },
      {
        "system": "http://snomed.info/sct",
        "version": "2020.09.20AA",
        "code": "250013002",
        "display": "Stiff legged gait"
      },
      {
        "system": "http://snomed.info/sct",
        "version": "2020.09.20AA",
        "code": "85711000119103",
        "display": "Stumbling due to lack of coordination"
      },
      {
        "system": "http://snomed.info/sct",
        "version": "2020.09.20AA",
        "code": "250991000119100",
        "display": "Stumbling gait"
      },
      {
        "system": "http://snomed.info/sct",
        "version": "2020.09.20AA",
        "code": "126013009",
        "display": "Subjective muscle weakness"
      },
      {
        "system": "http://snomed.info/sct",
        "version": "2020.09.20AA",
        "code": "75742003",
        "display": "Swing-through gait"
      },
      {
        "system": "http://snomed.info/sct",
        "version": "2020.09.20AA",
        "code": "401211005",
        "display": "Tandem gait test - abnormal"
      },
      {
        "system": "http://snomed.info/sct",
        "version": "2020.09.20AA",
        "code": "250047004",
        "display": "Thalamic astasia"
      },
      {
        "system": "http://snomed.info/sct",
        "version": "2020.09.20AA",
        "code": "88471006",
        "display": "Three-point gait"
      },
      {
        "system": "http://snomed.info/sct",
        "version": "2020.09.20AA",
        "code": "224960004",
        "display": "Tired"
      },
      {
        "system": "http://snomed.info/sct",
        "version": "2020.09.20AA",
        "code": "267032009",
        "display": "Tired all the time"
      },
      {
        "system": "http://snomed.info/sct",
        "version": "2020.09.20AA",
        "code": "248269005",
        "display": "Tired on least exertion"
      },
      {
        "system": "http://snomed.info/sct",
        "inactive": true,
        "version": "2020.09.20AA",
        "code": "267031002",
        "display": "Tiredness symptom"
      },
      {
        "system": "http://snomed.info/sct",
        "version": "2020.09.20AA",
        "code": "250018006",
        "display": "Toe-walking gait"
      },
      {
        "system": "http://snomed.info/sct",
        "version": "2020.09.20AA",
        "code": "250045007",
        "display": "Tottering gait"
      },
      {
        "system": "http://snomed.info/sct",
        "version": "2020.09.20AA",
        "code": "249937002",
        "display": "Truncal muscle weakness"
      },
      {
        "system": "http://snomed.info/sct",
        "version": "2020.09.20AA",
        "code": "422868009",
        "display": "Unexplained weight loss"
      },
      {
        "system": "http://snomed.info/sct",
        "version": "2020.09.20AA",
        "code": "448765001",
        "display": "Unintentional weight loss"
      },
      {
        "system": "http://snomed.info/sct",
        "inactive": true,
        "version": "2020.09.20AA",
        "code": "394616008",
        "display": "Unsteady gait"
      },
      {
        "system": "http://snomed.info/sct",
        "version": "2020.09.20AA",
        "code": "22631008",
        "display": "Unsteady when walking"
      },
      {
        "system": "http://snomed.info/sct",
        "version": "2020.09.20AA",
        "code": "250032008",
        "display": "Vestibular ataxic gait"
      },
      {
        "system": "http://snomed.info/sct",
        "version": "2020.09.20AA",
        "code": "250033003",
        "display": "Visual ataxic gait"
      },
      {
        "system": "http://snomed.info/sct",
        "version": "2020.09.20AA",
        "code": "271706000",
        "display": "Waddling gait"
      },
      {
        "system": "http://snomed.info/sct",
        "version": "2020.09.20AA",
        "code": "249938007",
        "display": "Weakness of back"
      },
      {
        "system": "http://snomed.info/sct",
        "version": "2020.09.20AA",
        "code": "15634971000119107",
        "display": "Bilateral weakness of upper limbs"
      },
      {
        "system": "http://snomed.info/sct",
        "version": "2020.09.20AA",
        "code": "249943000",
        "display": "Weakness of distal arms and legs"
      },
      {
        "system": "http://snomed.info/sct",
        "version": "2020.09.20AA",
        "code": "249888000",
        "display": "Weakness of sternomastoid"
      },
      {
        "system": "http://snomed.info/sct",
        "version": "2020.09.20AA",
        "code": "162236007",
        "display": "Weakness present"
      },
      {
        "system": "http://snomed.info/sct",
        "version": "2020.09.20AA",
        "code": "262285001",
        "display": "Weight decreased"
      },
      {
        "system": "http://snomed.info/sct",
        "version": "2020.09.20AA",
        "code": "161832001",
        "display": "Weight decreasing"
      },
      {
        "system": "http://snomed.info/sct",
        "version": "2020.09.20AA",
        "code": "89362005",
        "display": "Weight loss"
      },
      {
        "system": "http://snomed.info/sct",
        "version": "2020.09.20AA",
        "code": "225612007",
        "display": "Wheelchair bound"
      },
      {
        "system": "http://hl7.org/fhir/sid/icd-10-cm",
        "version": "2021.2.20AB",
        "code": "R26.0",
        "display": "Ataxic gait"
      },
      {
        "system": "http://hl7.org/fhir/sid/icd-10-cm",
        "version": "2021.2.20AB",
        "code": "R26.1",
        "display": "Paralytic gait"
      },
      {
        "system": "http://hl7.org/fhir/sid/icd-10-cm",
        "version": "2021.2.20AB",
        "code": "R26.2",
        "display": "Difficulty in walking, not elsewhere classified"
      },
      {
        "system": "http://hl7.org/fhir/sid/icd-10-cm",
        "version": "2021.2.20AB",
        "code": "R26.89",
        "display": "Other abnormalities of gait and mobility"
      },
      {
        "system": "http://hl7.org/fhir/sid/icd-10-cm",
        "version": "2021.2.20AB",
        "code": "R26.9",
        "display": "Unspecified abnormalities of gait and mobility"
      },
      {
        "system": "http://hl7.org/fhir/sid/icd-10-cm",
        "version": "2021.2.20AB",
        "code": "R41.81",
        "display": "Age-related cognitive decline"
      },
      {
        "system": "http://hl7.org/fhir/sid/icd-10-cm",
        "version": "2021.2.20AB",
        "code": "R53.1",
        "display": "Weakness"
      },
      {
        "system": "http://hl7.org/fhir/sid/icd-10-cm",
        "version": "2021.2.20AB",
        "code": "R53.81",
        "display": "Other malaise"
      },
      {
        "system": "http://hl7.org/fhir/sid/icd-10-cm",
        "version": "2021.2.20AB",
        "code": "R53.83",
        "display": "Other fatigue"
      },
      {
        "system": "http://hl7.org/fhir/sid/icd-10-cm",
        "version": "2021.2.20AB",
        "code": "R54",
        "display": "Age-related physical debility"
      },
      {
        "system": "http://hl7.org/fhir/sid/icd-10-cm",
        "version": "2021.2.20AB",
        "code": "R62.7",
        "display": "Adult failure to thrive"
      },
      {
        "system": "http://hl7.org/fhir/sid/icd-10-cm",
        "version": "2021.2.20AB",
        "code": "R63.4",
        "display": "Abnormal weight loss"
      },
      {
        "system": "http://hl7.org/fhir/sid/icd-10-cm",
        "version": "2021.2.20AB",
        "code": "R63.6",
        "display": "Underweight"
      },
      {
        "system": "http://hl7.org/fhir/sid/icd-10-cm",
        "version": "2021.2.20AB",
        "code": "R64",
        "display": "Cachexia"
      }
    ]
  }
}