{
  "resourceType": "ValueSet",
  "id": "33067",
  "meta": {
    "lastUpdated": "2019-06-09T17:03:04.772-04:00"
  },
  "url": "https://www.ncqa.org/fhir/valueset/2.16.840.1.113883.3.464.1004.1532",
  "identifier": [
    {
      "value": "2.16.840.1.113883.3.464.1004.1532"
    }
  ],
  "version": "Working",
  "name": "Frailty_Encounter",
  "title": "Frailty Encounter",
  "status": "active",
  "expansion": {
    "timestamp": "2021-04-05T14:51:53-04:00",
    "total": 24,
    "offset": 0,
    "contains": [
      {
        "system": "http://snomed.info/sct",
        "version": "2020.09.20AA",
        "code": "413467001",
        "display": "Aftercare"
      },
      {
        "system": "https://www.cms.gov/Medicare/Coding/MedHCPCSGenInfo/index.html",
        "version": "2021.1.20AB",
        "code": "S0311",
        "display": "Comprehensive management and care coordination for advanced illness, per calendar month"
      },
      {
        "system": "https://www.cms.gov/Medicare/Coding/MedHCPCSGenInfo/index.html",
        "version": "2021.1.20AB",
        "code": "T1022",
        "display": "Contracted home health agency services, all services provided under contract, per day"
      },
      {
        "system": "https://www.cms.gov/Medicare/Coding/MedHCPCSGenInfo/index.html",
        "version": "2021.1.20AB",
        "code": "G0300",
        "display": "Direct skilled nursing services of a licensed practical nurse (lpn) in the home health or hospice setting, each 15 minutes"
      },
      {
        "system": "https://www.cms.gov/Medicare/Coding/MedHCPCSGenInfo/index.html",
        "version": "2021.1.20AB",
        "code": "G0299",
        "display": "Direct skilled nursing services of a registered nurse (rn) in the home health or hospice setting, each 15 minutes"
      },
      {
        "system": "https://www.cms.gov/Medicare/Coding/MedHCPCSGenInfo/index.html",
        "version": "2021.1.20AB",
        "code": "T1021",
        "display": "Home health aide or certified nurse assistant, per visit"
      },
      {
        "system": "http://www.ama-assn.org/go/cpt",
        "version": "2021.2.20AB",
        "code": "99509",
        "display": "Home visit for assistance with activities of daily living and personal care"
      },
      {
        "system": "http://www.ama-assn.org/go/cpt",
        "version": "2021.2.20AB",
        "code": "99504",
        "display": "Home visit for mechanical ventilation care"
      },
      {
        "system": "https://www.cms.gov/Medicare/Coding/MedHCPCSGenInfo/index.html",
        "version": "2021.1.20AB",
        "code": "T1003",
        "display": "Lpn/lvn services, up to 15 minutes"
      },
      {
        "system": "https://www.cms.gov/Medicare/Coding/MedHCPCSGenInfo/index.html",
        "version": "2021.1.20AB",
        "code": "T1001",
        "display": "Nursing assessment / evaluation"
      },
      {
        "system": "https://www.cms.gov/Medicare/Coding/MedHCPCSGenInfo/index.html",
        "version": "2021.1.20AB",
        "code": "T1031",
        "display": "Nursing care, in the home, by licensed practical nurse, per diem"
      },
      {
        "system": "https://www.cms.gov/Medicare/Coding/MedHCPCSGenInfo/index.html",
        "version": "2021.1.20AB",
        "code": "T1030",
        "display": "Nursing care, in the home, by registered nurse, per diem"
      },
      {
        "system": "https://www.cms.gov/Medicare/Coding/MedHCPCSGenInfo/index.html",
        "version": "2021.1.20AB",
        "code": "S9124",
        "display": "Nursing care, in the home; by licensed practical nurse, per hour"
      },
      {
        "system": "https://www.cms.gov/Medicare/Coding/MedHCPCSGenInfo/index.html",
        "version": "2021.1.20AB",
        "code": "S9123",
        "display": "Nursing care, in the home; by registered nurse, per hour (use for general nursing care only, not to be used when cpt codes 99500-99602 can be used)"
      },
      {
        "system": "https://www.cms.gov/Medicare/Coding/MedHCPCSGenInfo/index.html",
        "version": "2021.1.20AB",
        "code": "T1019",
        "display": "Personal care services, per 15 minutes, not for an inpatient or resident of a hospital, nursing facility, icf/mr or imd, part of the individualized plan of treatment (code may not be used to identify services provided by home health aide or certified nurse assistant)"
      },
      {
        "system": "https://www.cms.gov/Medicare/Coding/MedHCPCSGenInfo/index.html",
        "version": "2021.1.20AB",
        "code": "T1020",
        "display": "Personal care services, per diem, not for an inpatient or resident of a hospital, nursing facility, icf/mr or imd, part of the individualized plan of treatment (code may not be used to identify services provided by home health aide or certified nurse assistant)"
      },
      {
        "system": "https://www.cms.gov/Medicare/Coding/MedHCPCSGenInfo/index.html",
        "version": "2021.1.20AB",
        "code": "S0271",
        "display": "Physician management of patient home care, hospice monthly case rate (per 30 days)"
      },
      {
        "system": "https://www.cms.gov/Medicare/Coding/MedHCPCSGenInfo/index.html",
        "version": "2021.1.20AB",
        "code": "T1000",
        "display": "Private duty / independent nursing service(s) - licensed, up to 15 minutes"
      },
      {
        "system": "https://www.cms.gov/Medicare/Coding/MedHCPCSGenInfo/index.html",
        "version": "2021.1.20AB",
        "code": "T1005",
        "display": "Respite care services, up to 15 minutes"
      },
      {
        "system": "https://www.cms.gov/Medicare/Coding/MedHCPCSGenInfo/index.html",
        "version": "2021.1.20AB",
        "code": "T1002",
        "display": "Rn services, up to 15 minutes"
      },
      {
        "system": "https://www.cms.gov/Medicare/Coding/MedHCPCSGenInfo/index.html",
        "version": "2021.1.20AB",
        "code": "T1004",
        "display": "Services of a qualified nursing aide, up to 15 minutes"
      },
      {
        "system": "https://www.cms.gov/Medicare/Coding/MedHCPCSGenInfo/index.html",
        "version": "2021.1.20AB",
        "code": "G0162",
        "display": "Skilled services by a registered nurse (rn) for management and evaluation of the plan of care; each 15 minutes (the patient's underlying condition or complication requires an rn to ensure that essential non-skilled care achieves its purpose in the home health or hospice setting)"
      },
      {
        "system": "https://www.cms.gov/Medicare/Coding/MedHCPCSGenInfo/index.html",
        "version": "2021.1.20AB",
        "code": "G0494",
        "display": "Skilled services of a licensed practical nurse (lpn) for the observation and assessment of the patient's condition, each 15 minutes (the change in the patient's condition requires skilled nursing personnel to identify and evaluate the patient's need for possible modification of treatment in the home health or hospice setting)"
      },
      {
        "system": "https://www.cms.gov/Medicare/Coding/MedHCPCSGenInfo/index.html",
        "version": "2021.1.20AB",
        "code": "G0493",
        "display": "Skilled services of a registered nurse (rn) for the observation and assessment of the patient's condition, each 15 minutes (the change in the patient's condition requires skilled nursing personnel to identify and evaluate the patient's need for possible modification of treatment in the home health or hospice setting)"
      }
    ]
  }
}