{
  "resourceType": "ValueSet",
  "id": "33023",
  "meta": {
    "lastUpdated": "2019-06-10T11:50:41.146-04:00"
  },
  "url": "https://www.ncqa.org/fhir/valueset/2.16.840.1.113883.3.464.1004.1810",
  "identifier": [
    {
      "value": "2.16.840.1.113883.3.464.1004.1810"
    }
  ],
  "version": "Working",
  "name": "Acute_Inpatient",
  "title": "Acute Inpatient",
  "status": "active",
  "expansion": {
    "timestamp": "2021-04-05T14:49:18-04:00",
    "total": 182,
    "offset": 0,
    "contains": [
      {
        "system": "http://snomed.info/sct",
        "version": "2020.09.20AA",
        "code": "304566005",
        "display": "Admission for treatment"
      },
      {
        "system": "http://snomed.info/sct",
        "version": "2020.09.20AA",
        "code": "305350003",
        "display": "Admission to anesthetic department"
      },
      {
        "system": "http://snomed.info/sct",
        "version": "2020.09.20AA",
        "code": "305356009",
        "display": "Admission to audiology department"
      },
      {
        "system": "http://snomed.info/sct",
        "version": "2020.09.20AA",
        "code": "305393003",
        "display": "Admission to blood transfusion department"
      },
      {
        "system": "http://snomed.info/sct",
        "version": "2020.09.20AA",
        "code": "305409007",
        "display": "Admission to breast surgery department"
      },
      {
        "system": "http://snomed.info/sct",
        "version": "2020.09.20AA",
        "code": "183450002",
        "display": "Admission to burn unit"
      },
      {
        "system": "http://snomed.info/sct",
        "version": "2020.09.20AA",
        "code": "305412005",
        "display": "Admission to cardiac surgery department"
      },
      {
        "system": "http://snomed.info/sct",
        "version": "2020.09.20AA",
        "code": "305357000",
        "display": "Admission to cardiology department"
      },
      {
        "system": "http://snomed.info/sct",
        "version": "2020.09.20AA",
        "code": "305410002",
        "display": "Admission to cardiothoracic surgery department"
      },
      {
        "system": "http://snomed.info/sct",
        "version": "2020.09.20AA",
        "code": "305375004",
        "display": "Admission to care of the elderly department"
      },
      {
        "system": "http://snomed.info/sct",
        "version": "2020.09.20AA",
        "code": "305394009",
        "display": "Admission to chemical pathology department"
      },
      {
        "system": "http://snomed.info/sct",
        "version": "2020.09.20AA",
        "code": "305358005",
        "display": "Admission to chest medicine department"
      },
      {
        "system": "http://snomed.info/sct",
        "version": "2020.09.20AA",
        "code": "305401005",
        "display": "Admission to child and adolescent psychiatry department"
      },
      {
        "system": "http://snomed.info/sct",
        "version": "2020.09.20AA",
        "code": "305355008",
        "display": "Admission to clinical allergy department"
      },
      {
        "system": "http://snomed.info/sct",
        "version": "2020.09.20AA",
        "code": "305371008",
        "display": "Admission to clinical cytogenetics department"
      },
      {
        "system": "http://snomed.info/sct",
        "version": "2020.09.20AA",
        "code": "305370009",
        "display": "Admission to clinical genetics department"
      },
      {
        "system": "http://snomed.info/sct",
        "version": "2020.09.20AA",
        "code": "305361006",
        "display": "Admission to clinical immunology department"
      },
      {
        "system": "http://snomed.info/sct",
        "version": "2020.09.20AA",
        "code": "305372001",
        "display": "Admission to clinical molecular genetics department"
      },
      {
        "system": "http://snomed.info/sct",
        "version": "2020.09.20AA",
        "code": "305362004",
        "display": "Admission to clinical neurophysiology department"
      },
      {
        "system": "http://snomed.info/sct",
        "version": "2020.09.20AA",
        "code": "308251003",
        "display": "Admission to clinical oncology department"
      },
      {
        "system": "http://snomed.info/sct",
        "version": "2020.09.20AA",
        "code": "305363009",
        "display": "Admission to clinical pharmacology department"
      },
      {
        "system": "http://snomed.info/sct",
        "version": "2020.09.20AA",
        "code": "305364003",
        "display": "Admission to clinical physiology department"
      },
      {
        "system": "http://snomed.info/sct",
        "version": "2020.09.20AA",
        "code": "305422004",
        "display": "Admission to colorectal surgery department"
      },
      {
        "system": "http://snomed.info/sct",
        "version": "2020.09.20AA",
        "code": "305337004",
        "display": "Admission to community hospital"
      },
      {
        "system": "http://snomed.info/sct",
        "version": "2020.09.20AA",
        "code": "305413000",
        "display": "Admission to dental surgery department"
      },
      {
        "system": "http://snomed.info/sct",
        "version": "2020.09.20AA",
        "code": "305365002",
        "display": "Admission to dermatology department"
      },
      {
        "system": "http://snomed.info/sct",
        "version": "2020.09.20AA",
        "code": "308253000",
        "display": "Admission to diabetic department"
      },
      {
        "system": "http://snomed.info/sct",
        "version": "2020.09.20AA",
        "code": "305417004",
        "display": "Admission to ear, nose and throat department"
      },
      {
        "system": "http://snomed.info/sct",
        "version": "2020.09.20AA",
        "code": "305418009",
        "display": "Admission to endocrine surgery department"
      },
      {
        "system": "http://snomed.info/sct",
        "version": "2020.09.20AA",
        "code": "305366001",
        "display": "Admission to endocrinology department"
      },
      {
        "system": "http://snomed.info/sct",
        "version": "2020.09.20AA",
        "code": "305402003",
        "display": "Admission to forensic psychiatry department"
      },
      {
        "system": "http://snomed.info/sct",
        "version": "2020.09.20AA",
        "code": "305367005",
        "display": "Admission to gastroenterology department"
      },
      {
        "system": "http://snomed.info/sct",
        "version": "2020.09.20AA",
        "code": "305419001",
        "display": "Admission to gastrointestinal surgery department"
      },
      {
        "system": "http://snomed.info/sct",
        "version": "2020.09.20AA",
        "code": "306732000",
        "display": "Admission to general dental surgery department"
      },
      {
        "system": "http://snomed.info/sct",
        "version": "2020.09.20AA",
        "code": "305420007",
        "display": "Admission to general gastrointestinal surgery department"
      },
      {
        "system": "http://snomed.info/sct",
        "version": "2020.09.20AA",
        "code": "305368000",
        "display": "Admission to general medical department"
      },
      {
        "system": "http://snomed.info/sct",
        "version": "2020.09.20AA",
        "code": "305395005",
        "display": "Admission to general pathology department"
      },
      {
        "system": "http://snomed.info/sct",
        "version": "2020.09.20AA",
        "code": "305338009",
        "display": "Admission to GP hospital"
      },
      {
        "system": "http://snomed.info/sct",
        "version": "2020.09.20AA",
        "code": "305423009",
        "display": "Admission to general surgical department"
      },
      {
        "system": "http://snomed.info/sct",
        "version": "2020.09.20AA",
        "code": "305369008",
        "display": "Admission to genetics department"
      },
      {
        "system": "http://snomed.info/sct",
        "version": "2020.09.20AA",
        "code": "305374000",
        "display": "Admission to genitourinary medicine department"
      },
      {
        "system": "http://snomed.info/sct",
        "version": "2020.09.20AA",
        "code": "305385003",
        "display": "Admission to gynecology department"
      },
      {
        "system": "http://snomed.info/sct",
        "version": "2020.09.20AA",
        "code": "306967009",
        "display": "Admission to hand surgery department"
      },
      {
        "system": "http://snomed.info/sct",
        "version": "2020.09.20AA",
        "code": "305396006",
        "display": "Admission to hematology department"
      },
      {
        "system": "http://snomed.info/sct",
        "version": "2020.09.20AA",
        "code": "305424003",
        "display": "Admission to hepatobiliary surgical department"
      },
      {
        "system": "http://snomed.info/sct",
        "version": "2020.09.20AA",
        "code": "398162007",
        "display": "Admission to high dependency unit"
      },
      {
        "system": "http://snomed.info/sct",
        "version": "2020.09.20AA",
        "code": "305376003",
        "display": "Admission to infectious diseases department"
      },
      {
        "system": "http://snomed.info/sct",
        "version": "2020.09.20AA",
        "code": "305354007",
        "display": "Admission to medical department"
      },
      {
        "system": "http://snomed.info/sct",
        "version": "2020.09.20AA",
        "code": "305397002",
        "display": "Admission to medical microbiology department"
      },
      {
        "system": "http://snomed.info/sct",
        "version": "2020.09.20AA",
        "code": "305377007",
        "display": "Admission to medical ophthalmology department"
      },
      {
        "system": "http://snomed.info/sct",
        "version": "2020.09.20AA",
        "code": "305404002",
        "display": "Admission to mental handicap psychiatry department"
      },
      {
        "system": "http://snomed.info/sct",
        "version": "2020.09.20AA",
        "code": "305378002",
        "display": "Admission to nephrology department"
      },
      {
        "system": "http://snomed.info/sct",
        "version": "2020.09.20AA",
        "code": "305379005",
        "display": "Admission to neurology department"
      },
      {
        "system": "http://snomed.info/sct",
        "version": "2020.09.20AA",
        "code": "305399004",
        "display": "Admission to neuropathology department"
      },
      {
        "system": "http://snomed.info/sct",
        "version": "2020.09.20AA",
        "code": "305425002",
        "display": "Admission to neurosurgical department"
      },
      {
        "system": "http://snomed.info/sct",
        "version": "2020.09.20AA",
        "code": "305380008",
        "display": "Admission to nuclear medicine department"
      },
      {
        "system": "http://snomed.info/sct",
        "version": "2020.09.20AA",
        "code": "305384004",
        "display": "Admission to obstetrics and gynecology department"
      },
      {
        "system": "http://snomed.info/sct",
        "version": "2020.09.20AA",
        "code": "305386002",
        "display": "Admission to obstetrics department"
      },
      {
        "system": "http://snomed.info/sct",
        "version": "2020.09.20AA",
        "code": "305407009",
        "display": "Admission to occupational health department"
      },
      {
        "system": "http://snomed.info/sct",
        "version": "2020.09.20AA",
        "code": "305426001",
        "display": "Admission to ophthalmology department"
      },
      {
        "system": "http://snomed.info/sct",
        "version": "2020.09.20AA",
        "code": "305427005",
        "display": "Admission to oral surgery department"
      },
      {
        "system": "http://snomed.info/sct",
        "version": "2020.09.20AA",
        "code": "305414006",
        "display": "Admission to orthodontics department"
      },
      {
        "system": "http://snomed.info/sct",
        "version": "2020.09.20AA",
        "code": "305428000",
        "display": "Admission to orthopedic department"
      },
      {
        "system": "http://snomed.info/sct",
        "version": "2020.09.20AA",
        "code": "305391001",
        "display": "Admission to pain management department"
      },
      {
        "system": "http://snomed.info/sct",
        "version": "2020.09.20AA",
        "code": "305429008",
        "display": "Admission to pancreatic surgery department"
      },
      {
        "system": "http://snomed.info/sct",
        "version": "2020.09.20AA",
        "code": "305392008",
        "display": "Admission to pathology department"
      },
      {
        "system": "http://snomed.info/sct",
        "version": "2020.09.20AA",
        "code": "305415007",
        "display": "Admission to pediatric dentistry department"
      },
      {
        "system": "http://snomed.info/sct",
        "version": "2020.09.20AA",
        "code": "305387006",
        "display": "Admission to pediatric department"
      },
      {
        "system": "http://snomed.info/sct",
        "version": "2020.09.20AA",
        "code": "305389009",
        "display": "Admission to pediatric neurology department"
      },
      {
        "system": "http://snomed.info/sct",
        "version": "2020.09.20AA",
        "code": "305390000",
        "display": "Admission to pediatric oncology department"
      },
      {
        "system": "http://snomed.info/sct",
        "version": "2020.09.20AA",
        "code": "305430003",
        "display": "Admission to pediatric surgical department"
      },
      {
        "system": "http://snomed.info/sct",
        "version": "2020.09.20AA",
        "code": "305431004",
        "display": "Admission to plastic surgery department"
      },
      {
        "system": "http://snomed.info/sct",
        "version": "2020.09.20AA",
        "code": "305339001",
        "display": "Admission to private hospital"
      },
      {
        "system": "http://snomed.info/sct",
        "version": "2020.09.20AA",
        "code": "305400006",
        "display": "Admission to psychiatry department"
      },
      {
        "system": "http://snomed.info/sct",
        "version": "2020.09.20AA",
        "code": "305403008",
        "display": "Admission to psychogeriatric department"
      },
      {
        "system": "http://snomed.info/sct",
        "version": "2020.09.20AA",
        "code": "305406000",
        "display": "Admission to radiology department"
      },
      {
        "system": "http://snomed.info/sct",
        "version": "2020.09.20AA",
        "code": "308252005",
        "display": "Admission to radiotherapy department"
      },
      {
        "system": "http://snomed.info/sct",
        "version": "2020.09.20AA",
        "code": "305382000",
        "display": "Admission to rehabilitation department"
      },
      {
        "system": "http://snomed.info/sct",
        "version": "2020.09.20AA",
        "code": "305405001",
        "display": "Admission to rehabilitation psychiatry department"
      },
      {
        "system": "http://snomed.info/sct",
        "version": "2020.09.20AA",
        "code": "305360007",
        "display": "Admission to respiratory medicine department"
      },
      {
        "system": "http://snomed.info/sct",
        "version": "2020.09.20AA",
        "code": "305416008",
        "display": "Admission to restorative dentistry department"
      },
      {
        "system": "http://snomed.info/sct",
        "version": "2020.09.20AA",
        "code": "305383005",
        "display": "Admission to rheumatology department"
      },
      {
        "system": "http://snomed.info/sct",
        "version": "2020.09.20AA",
        "code": "305388001",
        "display": "Admission to special care baby unit"
      },
      {
        "system": "http://snomed.info/sct",
        "version": "2020.09.20AA",
        "code": "306803007",
        "display": "Admission to stroke unit"
      },
      {
        "system": "http://snomed.info/sct",
        "version": "2020.09.20AA",
        "code": "699124006",
        "display": "Admission to substance misuse detoxification center"
      },
      {
        "system": "http://snomed.info/sct",
        "version": "2020.09.20AA",
        "code": "305408004",
        "display": "Admission to surgical department"
      },
      {
        "system": "http://snomed.info/sct",
        "version": "2020.09.20AA",
        "code": "305432006",
        "display": "Admission to surgical transplant department"
      },
      {
        "system": "http://snomed.info/sct",
        "version": "2020.09.20AA",
        "code": "305341000",
        "display": "Admission to tertiary referral hospital"
      },
      {
        "system": "http://snomed.info/sct",
        "version": "2020.09.20AA",
        "code": "305359002",
        "display": "Admission to thoracic medicine department"
      },
      {
        "system": "http://snomed.info/sct",
        "version": "2020.09.20AA",
        "code": "305411003",
        "display": "Admission to thoracic surgery department"
      },
      {
        "system": "http://snomed.info/sct",
        "version": "2020.09.20AA",
        "code": "305433001",
        "display": "Admission to trauma surgery department"
      },
      {
        "system": "http://snomed.info/sct",
        "version": "2020.09.20AA",
        "code": "305421006",
        "display": "Admission to upper gastrointestinal surgery department"
      },
      {
        "system": "http://snomed.info/sct",
        "version": "2020.09.20AA",
        "code": "305434007",
        "display": "Admission to urology department"
      },
      {
        "system": "http://snomed.info/sct",
        "version": "2020.09.20AA",
        "code": "305435008",
        "display": "Admission to vascular surgery department"
      },
      {
        "system": "http://snomed.info/sct",
        "version": "2020.09.20AA",
        "code": "305342007",
        "display": "Admission to ward"
      },
      {
        "system": "http://www.ama-assn.org/go/cpt",
        "version": "2021.2.20AB",
        "code": "99291",
        "display": "Critical care, evaluation and management of the critically ill or critically injured patient; first 30-74 minutes"
      },
      {
        "system": "http://snomed.info/sct",
        "version": "2020.09.20AA",
        "code": "287927002",
        "display": "Dilatation and curettage: routine"
      },
      {
        "system": "http://snomed.info/sct",
        "version": "2020.09.20AA",
        "code": "183452005",
        "display": "Emergency hospital admission"
      },
      {
        "system": "http://snomed.info/sct",
        "version": "2020.09.20AA",
        "code": "442281000124108",
        "display": "Emergency hospital admission from observation unit"
      },
      {
        "system": "http://snomed.info/sct",
        "version": "2020.09.20AA",
        "code": "32485007",
        "display": "Hospital admission"
      },
      {
        "system": "http://snomed.info/sct",
        "version": "2020.09.20AA",
        "code": "1505002",
        "display": "Hospital admission for isolation"
      },
      {
        "system": "http://snomed.info/sct",
        "version": "2020.09.20AA",
        "code": "432621000124105",
        "display": "Hospital admission from dialysis facility"
      },
      {
        "system": "http://snomed.info/sct",
        "version": "2020.09.20AA",
        "code": "3241000175106",
        "display": "Hospital admission from non-health care facility"
      },
      {
        "system": "http://snomed.info/sct",
        "version": "2020.09.20AA",
        "code": "448851000124103",
        "display": "Hospital admission from observation unit"
      },
      {
        "system": "http://snomed.info/sct",
        "version": "2020.09.20AA",
        "code": "447941000124106",
        "display": "Hospital admission of newborn"
      },
      {
        "system": "http://snomed.info/sct",
        "version": "2020.09.20AA",
        "code": "82942009",
        "display": "Hospital admission, blood donor"
      },
      {
        "system": "http://snomed.info/sct",
        "version": "2020.09.20AA",
        "code": "70755000",
        "display": "Hospital admission, by legal authority (commitment)"
      },
      {
        "system": "http://snomed.info/sct",
        "version": "2020.09.20AA",
        "code": "51032003",
        "display": "Hospital admission, donor for transplant organ"
      },
      {
        "system": "http://snomed.info/sct",
        "version": "2020.09.20AA",
        "code": "8715000",
        "display": "Hospital admission, elective"
      },
      {
        "system": "http://snomed.info/sct",
        "version": "2020.09.20AA",
        "code": "112689000",
        "display": "Hospital admission, elective, with complete pre-admission work-up"
      },
      {
        "system": "http://snomed.info/sct",
        "version": "2020.09.20AA",
        "code": "15584006",
        "display": "Hospital admission, elective, with partial pre-admission work-up"
      },
      {
        "system": "http://snomed.info/sct",
        "version": "2020.09.20AA",
        "code": "81672003",
        "display": "Hospital admission, elective, without pre-admission work-up"
      },
      {
        "system": "http://snomed.info/sct",
        "version": "2020.09.20AA",
        "code": "78680009",
        "display": "Hospital admission, emergency, direct"
      },
      {
        "system": "http://snomed.info/sct",
        "version": "2020.09.20AA",
        "code": "73607007",
        "display": "Hospital admission, emergency, from emergency room"
      },
      {
        "system": "http://snomed.info/sct",
        "version": "2020.09.20AA",
        "code": "10378005",
        "display": "Hospital admission, emergency, from emergency room, accidental injury"
      },
      {
        "system": "http://snomed.info/sct",
        "version": "2020.09.20AA",
        "code": "19951005",
        "display": "Hospital admission, emergency, from emergency room, medical nature"
      },
      {
        "system": "http://snomed.info/sct",
        "version": "2020.09.20AA",
        "code": "18083007",
        "display": "Hospital admission, emergency, indirect"
      },
      {
        "system": "http://snomed.info/sct",
        "version": "2020.09.20AA",
        "code": "76464004",
        "display": "Hospital admission, for observation"
      },
      {
        "system": "http://snomed.info/sct",
        "version": "2020.09.20AA",
        "code": "63551005",
        "display": "Hospital admission, from remote area, by means of special transportation"
      },
      {
        "system": "http://snomed.info/sct",
        "version": "2020.09.20AA",
        "code": "60059000",
        "display": "Hospital admission, infant, for observation, delivered outside of hospital"
      },
      {
        "system": "http://snomed.info/sct",
        "version": "2020.09.20AA",
        "code": "52748007",
        "display": "Hospital admission, involuntary"
      },
      {
        "system": "http://snomed.info/sct",
        "version": "2020.09.20AA",
        "code": "71290004",
        "display": "Hospital admission, limited to designated procedures"
      },
      {
        "system": "http://snomed.info/sct",
        "version": "2020.09.20AA",
        "code": "47348005",
        "display": "Hospital admission, mother, for observation, delivered outside of hospital"
      },
      {
        "system": "http://snomed.info/sct",
        "version": "2020.09.20AA",
        "code": "51501005",
        "display": "Hospital admission, parent, for in-hospital child care"
      },
      {
        "system": "http://snomed.info/sct",
        "version": "2020.09.20AA",
        "code": "45702004",
        "display": "Hospital admission, precertified by medical audit action"
      },
      {
        "system": "http://snomed.info/sct",
        "version": "2020.09.20AA",
        "code": "50699000",
        "display": "Hospital admission, short-term"
      },
      {
        "system": "http://snomed.info/sct",
        "version": "2020.09.20AA",
        "code": "74857009",
        "display": "Hospital admission, short-term, 24 hours"
      },
      {
        "system": "http://snomed.info/sct",
        "version": "2020.09.20AA",
        "code": "48183000",
        "display": "Hospital admission, special"
      },
      {
        "system": "http://snomed.info/sct",
        "version": "2020.09.20AA",
        "code": "448431000124108",
        "display": "Hospital admission, transfer from assisted living facility"
      },
      {
        "system": "http://snomed.info/sct",
        "version": "2020.09.20AA",
        "code": "448441000124103",
        "display": "Hospital admission, transfer from intermediate care facility"
      },
      {
        "system": "http://snomed.info/sct",
        "version": "2020.09.20AA",
        "code": "4563007",
        "display": "Hospital admission, transfer from other hospital or health care facility"
      },
      {
        "system": "http://snomed.info/sct",
        "version": "2020.09.20AA",
        "code": "448421000124105",
        "display": "Hospital admission, transfer from physician office"
      },
      {
        "system": "http://snomed.info/sct",
        "inactive": true,
        "version": "2020.09.20AA",
        "code": "2876009",
        "display": "Hospital admission, type unclassified, explain by report"
      },
      {
        "system": "http://snomed.info/sct",
        "version": "2020.09.20AA",
        "code": "25986004",
        "display": "Hospital admission, under police custody"
      },
      {
        "system": "http://snomed.info/sct",
        "version": "2020.09.20AA",
        "code": "2252009",
        "display": "Hospital admission, urgent, 48 hours"
      },
      {
        "system": "http://www.ama-assn.org/go/cpt",
        "version": "2021.2.20AB",
        "code": "99238",
        "display": "Hospital discharge day management; 30 minutes or less"
      },
      {
        "system": "http://www.ama-assn.org/go/cpt",
        "version": "2021.2.20AB",
        "code": "99239",
        "display": "Hospital discharge day management; more than 30 minutes"
      },
      {
        "system": "http://snomed.info/sct",
        "version": "2020.09.20AA",
        "code": "417005",
        "display": "Hospital re-admission"
      },
      {
        "system": "http://www.ama-assn.org/go/cpt",
        "version": "2021.2.20AB",
        "code": "99223",
        "display": "Initial hospital care, per day, for the evaluation and management of a patient, which requires these 3 key components: A comprehensive history; A comprehensive examination; and Medical decision making of high complexity. Counseling and/or coordination of care with other physicians, other qualified health care professionals, or agencies are provided consistent with the nature of the problem(s) and the patient's and/or family's needs. Usually, the problem(s) requiring admission are of high severity. Typically, 70 minutes are spent at the bedside and on the patient's hospital floor or unit."
      },
      {
        "system": "http://www.ama-assn.org/go/cpt",
        "version": "2021.2.20AB",
        "code": "99222",
        "display": "Initial hospital care, per day, for the evaluation and management of a patient, which requires these 3 key components: A comprehensive history; A comprehensive examination; and Medical decision making of moderate complexity. Counseling and/or coordination of care with other physicians, other qualified health care professionals, or agencies are provided consistent with the nature of the problem(s) and the patient's and/or family's needs. Usually, the problem(s) requiring admission are of moderate severity. Typically, 50 minutes are spent at the bedside and on the patient's hospital floor or unit."
      },
      {
        "system": "http://www.ama-assn.org/go/cpt",
        "version": "2021.2.20AB",
        "code": "99221",
        "display": "Initial hospital care, per day, for the evaluation and management of a patient, which requires these 3 key components: A detailed or comprehensive history; A detailed or comprehensive examination; and Medical decision making that is straightforward or of low complexity. Counseling and/or coordination of care with other physicians, other qualified health care professionals, or agencies are provided consistent with the nature of the problem(s) and the patient's and/or family's needs. Usually, the problem(s) requiring admission are of low severity. Typically, 30 minutes are spent at the bedside and on the patient's hospital floor or unit."
      },
      {
        "system": "http://www.ama-assn.org/go/cpt",
        "version": "2021.2.20AB",
        "code": "99255",
        "display": "Inpatient consultation for a new or established patient, which requires these 3 key components: A comprehensive history; A comprehensive examination; and Medical decision making of high complexity. Counseling and/or coordination of care with other physicians, other qualified health care professionals, or agencies are provided consistent with the nature of the problem(s) and the patient's and/or family's needs. Usually, the presenting problem(s) are of moderate to high severity. Typically, 110 minutes are spent at the bedside and on the patient's hospital floor or unit."
      },
      {
        "system": "http://www.ama-assn.org/go/cpt",
        "version": "2021.2.20AB",
        "code": "99254",
        "display": "Inpatient consultation for a new or established patient, which requires these 3 key components: A comprehensive history; A comprehensive examination; and Medical decision making of moderate complexity. Counseling and/or coordination of care with other physicians, other qualified health care professionals, or agencies are provided consistent with the nature of the problem(s) and the patient's and/or family's needs. Usually, the presenting problem(s) are of moderate to high severity. Typically, 80 minutes are spent at the bedside and on the patient's hospital floor or unit."
      },
      {
        "system": "http://www.ama-assn.org/go/cpt",
        "version": "2021.2.20AB",
        "code": "99253",
        "display": "Inpatient consultation for a new or established patient, which requires these 3 key components: A detailed history; A detailed examination; and Medical decision making of low complexity. Counseling and/or coordination of care with other physicians, other qualified health care professionals, or agencies are provided consistent with the nature of the problem(s) and the patient's and/or family's needs. Usually, the presenting problem(s) are of moderate severity. Typically, 55 minutes are spent at the bedside and on the patient's hospital floor or unit."
      },
      {
        "system": "http://www.ama-assn.org/go/cpt",
        "version": "2021.2.20AB",
        "code": "99251",
        "display": "Inpatient consultation for a new or established patient, which requires these 3 key components: A problem focused history; A problem focused examination; and Straightforward medical decision making. Counseling and/or coordination of care with other physicians, other qualified health care professionals, or agencies are provided consistent with the nature of the problem(s) and the patient's and/or family's needs. Usually, the presenting problem(s) are self limited or minor. Typically, 20 minutes are spent at the bedside and on the patient's hospital floor or unit."
      },
      {
        "system": "http://www.ama-assn.org/go/cpt",
        "version": "2021.2.20AB",
        "code": "99252",
        "display": "Inpatient consultation for a new or established patient, which requires these 3 key components: An expanded problem focused history; An expanded problem focused examination; and Straightforward medical decision making. Counseling and/or coordination of care with other physicians, other qualified health care professionals, or agencies are provided consistent with the nature of the problem(s) and the patient's and/or family's needs. Usually, the presenting problem(s) are of low severity. Typically, 40 minutes are spent at the bedside and on the patient's hospital floor or unit."
      },
      {
        "system": "http://snomed.info/sct",
        "version": "2020.09.20AA",
        "code": "235313004",
        "display": "Non-emergency appendectomy"
      },
      {
        "system": "http://snomed.info/sct",
        "version": "2020.09.20AA",
        "code": "310361003",
        "display": "Non-urgent cardiological admission"
      },
      {
        "system": "http://snomed.info/sct",
        "version": "2020.09.20AA",
        "code": "183511004",
        "display": "Non-urgent cardiothoracic admission"
      },
      {
        "system": "http://snomed.info/sct",
        "version": "2020.09.20AA",
        "code": "183500007",
        "display": "Non-urgent dermatology admission"
      },
      {
        "system": "http://snomed.info/sct",
        "version": "2020.09.20AA",
        "code": "183506001",
        "display": "Non-urgent diabetic admission"
      },
      {
        "system": "http://snomed.info/sct",
        "version": "2020.09.20AA",
        "code": "183496005",
        "display": "Non-urgent ENT admission"
      },
      {
        "system": "http://snomed.info/sct",
        "version": "2020.09.20AA",
        "code": "183491000",
        "display": "Non-urgent geriatric admission"
      },
      {
        "system": "http://snomed.info/sct",
        "version": "2020.09.20AA",
        "code": "183493002",
        "display": "Non-urgent gynecological admission"
      },
      {
        "system": "http://snomed.info/sct",
        "version": "2020.09.20AA",
        "code": "183504003",
        "display": "Non-urgent hematology admission"
      },
      {
        "system": "http://snomed.info/sct",
        "version": "2020.09.20AA",
        "code": "183481006",
        "display": "Non-urgent hospital admission"
      },
      {
        "system": "http://snomed.info/sct",
        "version": "2020.09.20AA",
        "code": "183487005",
        "display": "Non-urgent medical admission"
      },
      {
        "system": "http://snomed.info/sct",
        "version": "2020.09.20AA",
        "code": "183501006",
        "display": "Non-urgent neurology admission"
      },
      {
        "system": "http://snomed.info/sct",
        "version": "2020.09.20AA",
        "code": "183510003",
        "display": "Non-urgent neurosurgical admission"
      },
      {
        "system": "http://snomed.info/sct",
        "version": "2020.09.20AA",
        "code": "183494008",
        "display": "Non-urgent obstetric admission"
      },
      {
        "system": "http://snomed.info/sct",
        "version": "2020.09.20AA",
        "code": "183498006",
        "display": "Non-urgent ophthalmological admission"
      },
      {
        "system": "http://snomed.info/sct",
        "version": "2020.09.20AA",
        "code": "183512006",
        "display": "Non-urgent oral surgical admission"
      },
      {
        "system": "http://snomed.info/sct",
        "version": "2020.09.20AA",
        "code": "183495009",
        "display": "Non-urgent orthopedic admission"
      },
      {
        "system": "http://snomed.info/sct",
        "version": "2020.09.20AA",
        "code": "183492007",
        "display": "Non-urgent pediatric admission"
      },
      {
        "system": "http://snomed.info/sct",
        "version": "2020.09.20AA",
        "code": "183505002",
        "display": "Non-urgent plastic surgery admission"
      },
      {
        "system": "http://snomed.info/sct",
        "version": "2020.09.20AA",
        "code": "183489008",
        "display": "Non-urgent psychiatric admission"
      },
      {
        "system": "http://snomed.info/sct",
        "version": "2020.09.20AA",
        "code": "183508000",
        "display": "Non-urgent psychogeriatric admission"
      },
      {
        "system": "http://snomed.info/sct",
        "version": "2020.09.20AA",
        "code": "183503009",
        "display": "Non-urgent radiotherapy admission"
      },
      {
        "system": "http://snomed.info/sct",
        "version": "2020.09.20AA",
        "code": "183509008",
        "display": "Non-urgent renal medicine admission"
      },
      {
        "system": "http://snomed.info/sct",
        "version": "2020.09.20AA",
        "code": "183507005",
        "display": "Non-urgent respiratory admission"
      },
      {
        "system": "http://snomed.info/sct",
        "version": "2020.09.20AA",
        "code": "183499003",
        "display": "Non-urgent rheumatology admission"
      },
      {
        "system": "http://snomed.info/sct",
        "version": "2020.09.20AA",
        "code": "183488000",
        "display": "Non-urgent surgical admission"
      },
      {
        "system": "http://snomed.info/sct",
        "version": "2020.09.20AA",
        "code": "183497001",
        "display": "Non-urgent trauma admission"
      },
      {
        "system": "http://snomed.info/sct",
        "version": "2020.09.20AA",
        "code": "183502004",
        "display": "Non-urgent urology admission"
      },
      {
        "system": "http://snomed.info/sct",
        "version": "2020.09.20AA",
        "code": "373113001",
        "display": "Routine procedure"
      },
      {
        "system": "http://snomed.info/sct",
        "version": "2020.09.20AA",
        "code": "76193006",
        "display": "Routinely scheduled operation"
      },
      {
        "system": "http://snomed.info/sct",
        "version": "2020.09.20AA",
        "code": "5161006",
        "display": "Specialty clinic admission"
      },
      {
        "system": "http://www.ama-assn.org/go/cpt",
        "version": "2021.2.20AB",
        "code": "99233",
        "display": "Subsequent hospital care, per day, for the evaluation and management of a patient, which requires at least 2 of these 3 key components: A detailed interval history; A detailed examination; Medical decision making of high complexity. Counseling and/or coordination of care with other physicians, other qualified health care professionals, or agencies are provided consistent with the nature of the problem(s) and the patient's and/or family's needs. Usually, the patient is unstable or has developed a significant complication or a significant new problem. Typically, 35 minutes are spent at the bedside and on the patient's hospital floor or unit."
      },
      {
        "system": "http://www.ama-assn.org/go/cpt",
        "version": "2021.2.20AB",
        "code": "99231",
        "display": "Subsequent hospital care, per day, for the evaluation and management of a patient, which requires at least 2 of these 3 key components: A problem focused interval history; A problem focused examination; Medical decision making that is straightforward or of low complexity. Counseling and/or coordination of care with other physicians, other qualified health care professionals, or agencies are provided consistent with the nature of the problem(s) and the patient's and/or family's needs. Usually, the patient is stable, recovering or improving. Typically, 15 minutes are spent at the bedside and on the patient's hospital floor or unit."
      },
      {
        "system": "http://www.ama-assn.org/go/cpt",
        "version": "2021.2.20AB",
        "code": "99232",
        "display": "Subsequent hospital care, per day, for the evaluation and management of a patient, which requires at least 2 of these 3 key components: An expanded problem focused interval history; An expanded problem focused examination; Medical decision making of moderate complexity. Counseling and/or coordination of care with other physicians, other qualified health care professionals, or agencies are provided consistent with the nature of the problem(s) and the patient's and/or family's needs. Usually, the patient is responding inadequately to therapy or has developed a minor complication. Typically, 25 minutes are spent at the bedside and on the patient's hospital floor or unit."
      },
      {
        "system": "http://snomed.info/sct",
        "version": "2020.09.20AA",
        "code": "397769005",
        "display": "Unexpected admission to high dependency unit"
      },
      {
        "system": "http://snomed.info/sct",
        "version": "2020.09.20AA",
        "code": "405614004",
        "display": "Unexpected hospital admission"
      }
    ]
  }
}