{
  "resourceType": "ValueSet",
  "id": "33089",
  "meta": {
    "lastUpdated": "2019-06-09T17:07:12.552-04:00"
  },
  "url": "https://www.ncqa.org/fhir/valueset/2.16.840.1.113883.3.464.1004.1148",
  "identifier": [
    {
      "value": "2.16.840.1.113883.3.464.1004.1148"
    }
  ],
  "version": "Working",
  "name": "Left_Modifier",
  "title": "Left Modifier",
  "status": "active",
  "expansion": {
    "timestamp": "2021-04-05T14:51:07-04:00",
    "total": 1,
    "offset": 0,
    "contains": [
      {
        "system": "http://www.ama-assn.org/go/cpt",
        "version": "2021.2.20AB",
        "code": "LT",
        "display": "Left side (used to identify procedures performed on the left side of the body) [LT]"
      }
    ]
  }
}