{
  "resourceType": "Bundle",
  "id": "Bundle-34",
  "entry": [
    {
      "resource": {
        "resourceType": "Patient",
        "id": "Patient-34",
        "name": [
          {
            "given": [
              "ClinicalBilateralMastectomyBAfterMP"
            ],
            "family": "DenexFail"
          }
        ],
        "birthDate": "1970-12-31",
        "gender": "female"
      }
    },
    {
      "resource": {
        "resourceType": "Coverage",
        "id": "Coverage-34-93",
        "policyHolder": {
          "reference": "Patient/Patient-34"
        },
        "period": {
          "start": "2020-10-01T00:00:00.000Z",
          "end": "2022-12-31T23:59:59.000Z"
        },
        "type": {
          "coding": [
            {
              "system": "http://terminology.hl7.org/ValueSet/v3-ActCoverageTypeCode",
              "code": "MCPOL"
            }
          ]
        }
      }
    },
    {
      "resource": {
        "resourceType": "Procedure",
        "id": "Procedure-34-94",
        "subject": {
          "reference": "Patient/Patient-34"
        },
        "code": {
          "coding": [
            {
              "system": "http://snomed.info/sct",
              "version": "2020.09.20AA",
              "code": "359740003",
              "display": "Extended radical mastectomy"
            }
          ]
        },
        "performedDateTime": "2023-01-01T00:00:00.000Z",
        "bodySite": [
          {
            "coding": [
              {
                "code": "51440002",
                "system": "http://snomed.info/sct"
              }
            ]
          }
        ],
        "status": "completed"
      }
    }
  ]
}