{
  "resourceType": "Bundle",
  "id": "Bundle-11",
  "entry": [
    {
      "resource": {
        "resourceType": "Patient",
        "id": "Patient-11",
        "name": [
          {
            "given": [
              "GenderMale"
            ],
            "family": "IPFail"
          }
        ],
        "birthDate": "1970-12-31",
        "gender": "male"
      }
    },
    {
      "resource": {
        "resourceType": "Coverage",
        "id": "Coverage-11-93",
        "policyHolder": {
          "reference": "Patient/Patient-11"
        },
        "period": {
          "start": "2020-10-01T00:00:00.000Z",
          "end": "2020-12-31T23:59:59.000Z"
        },
        "type": {
          "coding": [
            {
              "system": "http://terminology.hl7.org/ValueSet/v3-ActCoverageTypeCode",
              "code": "MCPOL"
            }
          ]
        }
      }
    },
    {
      "resource": {
        "resourceType": "Coverage",
        "id": "Coverage-11-94",
        "policyHolder": {
          "reference": "Patient/Patient-11"
        },
        "period": {
          "start": "2021-01-01T00:00:00.000Z",
          "end": "2021-11-16T23:59:59.000Z"
        },
        "type": {
          "coding": [
            {
              "system": "http://terminology.hl7.org/ValueSet/v3-ActCoverageTypeCode",
              "code": "MCPOL"
            }
          ]
        }
      }
    },
    {
      "resource": {
        "resourceType": "Coverage",
        "id": "Coverage-11-95",
        "policyHolder": {
          "reference": "Patient/Patient-11"
        },
        "period": {
          "start": "2022-02-15T00:00:00.000Z",
          "end": "2022-12-31T23:59:59.000Z"
        },
        "type": {
          "coding": [
            {
              "system": "http://terminology.hl7.org/ValueSet/v3-ActCoverageTypeCode",
              "code": "MCPOL"
            }
          ]
        }
      }
    },
    {
      "resource": {
        "resourceType": "Encounter",
        "id": "Encounter-11-96",
        "subject": {
          "reference": "Patient/Patient-11"
        },
        "period": {
          "start": "2022-01-01T00:00:00.000Z",
          "end": "2022-12-31T23:59:59.000Z"
        },
        "status": "finished"
      }
    }
  ]
}