{
  "resourceType": "Bundle",
  "id": "Bundle-65",
  "entry": [
    {
      "resource": {
        "resourceType": "Patient",
        "id": "Patient-65",
        "name": [
          {
            "given": [
              "MammographyStartofParticipationPeriod"
            ],
            "family": "NumPass"
          }
        ],
        "birthDate": "1970-12-31",
        "gender": "female"
      }
    },
    {
      "resource": {
        "resourceType": "Coverage",
        "id": "Coverage-65-93",
        "policyHolder": {
          "reference": "Patient/Patient-65"
        },
        "period": {
          "start": "2020-10-01T00:00:00.000Z",
          "end": "2022-12-31T23:59:59.000Z"
        },
        "type": {
          "coding": [
            {
              "system": "http://terminology.hl7.org/ValueSet/v3-ActCoverageTypeCode",
              "code": "MCPOL"
            }
          ]
        }
      }
    },
    {
      "resource": {
        "resourceType": "Observation",
        "id": "Observation-65-94",
        "subject": {
          "reference": "Patient/Patient-65"
        },
        "code": {
          "coding": [
            {
              "version": "2012.05",
              "code": "0401",
              "display": "Diagnostic mammography"
            }
          ]
        },
        "effectiveDateTime": "2020-10-01T00:00:00.000Z"
      }
    }
  ]
}