{
  "resourceType": "Bundle",
  "id": "Bundle-55",
  "entry": [
    {
      "resource": {
        "resourceType": "Patient",
        "id": "Patient-55",
        "name": [
          {
            "given": [
              "AcuteInpatientDischargeNoEndDate"
            ],
            "family": "DenexFail"
          }
        ],
        "birthDate": "1956-12-31",
        "gender": "female"
      }
    },
    {
      "resource": {
        "resourceType": "Coverage",
        "id": "Coverage-55-93",
        "policyHolder": {
          "reference": "Patient/Patient-55"
        },
        "period": {
          "start": "2020-10-01T00:00:00.000Z",
          "end": "2022-12-31T23:59:59.000Z"
        },
        "type": {
          "coding": [
            {
              "system": "http://terminology.hl7.org/ValueSet/v3-ActCoverageTypeCode",
              "code": "MCPOL"
            }
          ]
        }
      }
    },
    {
      "resource": {
        "resourceType": "Observation",
        "id": "Observation-55-94",
        "subject": {
          "reference": "Patient/Patient-55"
        },
        "code": {
          "coding": [
            {
              "system": "https://www.cms.gov/Medicare/Coding/MedHCPCSGenInfo/index.html",
              "version": "2021.1.20AB",
              "code": "E0100",
              "display": "Cane, includes canes of all materials, adjustable or fixed, with tip"
            }
          ]
        },
        "effectiveDateTime": "2022-01-01T00:00:00.000Z"
      }
    },
    {
      "resource": {
        "resourceType": "Claim",
        "id": "Claim-55-95",
        "patient": {
          "reference": "Patient/Patient-55"
        },
        "item": [
          {
            "servicedPeriod": {
              "start": "2021-01-01T00:00:00.000Z"
            },
            "revenue": {
              "coding": [
                {
                  "system": "http://www.nubc.org/patient-discharge",
                  "code": "0100"
                }
              ]
            }
          }
        ],
        "diagnosis": [
          {
            "sequence": 1,
            "diagnosisCodeableConcept": {
              "coding": [
                {
                  "system": "http://snomed.info/sct",
                  "code": "281004"
                }
              ]
            }
          }
        ],
        "type": {
          "coding": [
            {
              "system": "http://terminology.hl7.org/CodeSystem/claim-type",
              "code": "institutional"
            }
          ]
        }
      }
    }
  ]
}