{
  "resourceType": "Bundle",
  "id": "Bundle-59",
  "entry": [
    {
      "resource": {
        "resourceType": "Patient",
        "id": "Patient-59",
        "name": [
          {
            "given": [
              "PalliativeCareAssessmentDuringMP"
            ],
            "family": "DenexPass"
          }
        ],
        "birthDate": "1970-12-31",
        "gender": "female"
      }
    },
    {
      "resource": {
        "resourceType": "Coverage",
        "id": "Coverage-59-93",
        "policyHolder": {
          "reference": "Patient/Patient-59"
        },
        "period": {
          "start": "2020-10-01T00:00:00.000Z",
          "end": "2022-12-31T23:59:59.000Z"
        },
        "type": {
          "coding": [
            {
              "system": "http://terminology.hl7.org/ValueSet/v3-ActCoverageTypeCode",
              "code": "MCPOL"
            }
          ]
        }
      }
    },
    {
      "resource": {
        "resourceType": "Observation",
        "id": "Observation-59-94",
        "subject": {
          "reference": "Patient/Patient-59"
        },
        "code": {
          "coding": [
            {
              "system": "http://snomed.info/sct",
              "version": "2020.09.20AA",
              "code": "718893008",
              "display": "Assessment using Integrated Palliative care Outcome Scale 5 Patient Version (1 week recall period)"
            }
          ]
        },
        "effectiveDateTime": "2022-01-01T00:00:00.000Z"
      }
    }
  ]
}