{
  "resourceType": "Bundle",
  "id": "Bundle-37",
  "entry": [
    {
      "resource": {
        "resourceType": "Patient",
        "id": "Patient-37",
        "name": [
          {
            "given": [
              "FrailtyDeviceObservationStartsonStartofMP"
            ],
            "family": "DenexPass"
          }
        ],
        "birthDate": "1956-12-31",
        "gender": "female"
      }
    },
    {
      "resource": {
        "resourceType": "Coverage",
        "id": "Coverage-37-93",
        "policyHolder": {
          "reference": "Patient/Patient-37"
        },
        "period": {
          "start": "2020-10-01T00:00:00.000Z",
          "end": "2022-12-31T23:59:59.000Z"
        },
        "type": {
          "coding": [
            {
              "system": "http://terminology.hl7.org/ValueSet/v3-ActCoverageTypeCode",
              "code": "MCPOL"
            }
          ]
        }
      }
    },
    {
      "resource": {
        "resourceType": "Observation",
        "id": "Observation-37-94",
        "subject": {
          "reference": "Patient/Patient-37"
        },
        "code": {
          "coding": [
            {
              "system": "https://www.cms.gov/Medicare/Coding/MedHCPCSGenInfo/index.html",
              "version": "2021.1.20AB",
              "code": "E0100",
              "display": "Cane, includes canes of all materials, adjustable or fixed, with tip"
            }
          ]
        },
        "effectiveDateTime": "2022-01-01T00:00:00.000Z"
      }
    },
    {
      "resource": {
        "resourceType": "MedicationDispense",
        "id": "MedicationDispense-37-95",
        "subject": {
          "reference": "Patient/Patient-37"
        },
        "medicationCodeableConcept": {
          "coding": [
            {
              "system": "http://www.nlm.nih.gov/research/umls/rxnorm",
              "version": "2015.02.02.14AB",
              "code": "1599805",
              "display": "24 HR Donepezil hydrochloride 10 MG / Memantine hydrochloride 14 MG Extended Release Oral Capsule"
            }
          ]
        },
        "whenHandedOver": "2021-01-01T00:00:00.000Z",
        "status": "completed"
      }
    }
  ]
}