{
  "resourceType": "Bundle",
  "id": "Bundle-14",
  "entry": [
    {
      "resource": {
        "resourceType": "Patient",
        "id": "Patient-14",
        "name": [
          {
            "given": [
              "NotMedicalBenefit"
            ],
            "family": "IPFail"
          }
        ],
        "birthDate": "1970-12-31",
        "gender": "female"
      }
    },
    {
      "resource": {
        "resourceType": "Coverage",
        "id": "Coverage-14-93",
        "policyHolder": {
          "reference": "Patient/Patient-14"
        },
        "period": {
          "start": "2020-09-30T23:59:59.000Z",
          "end": "2022-12-31T23:59:59.000Z"
        },
        "type": {
          "coding": [
            {
              "system": "http://terminology.hl7.org/ValueSet/v3-ActCoverageTypeCode",
              "code": "DRUGPOL"
            }
          ]
        }
      }
    }
  ]
}