{
  "resourceType": "Bundle",
  "id": "Bundle-63",
  "entry": [
    {
      "resource": {
        "resourceType": "Patient",
        "id": "Patient-63",
        "name": [
          {
            "given": [
              "PalliativeCareInterventionDuringMP"
            ],
            "family": "DenexPass"
          }
        ],
        "birthDate": "1970-12-31",
        "gender": "female"
      }
    },
    {
      "resource": {
        "resourceType": "Coverage",
        "id": "Coverage-63-93",
        "policyHolder": {
          "reference": "Patient/Patient-63"
        },
        "period": {
          "start": "2020-10-01T00:00:00.000Z",
          "end": "2022-12-31T23:59:59.000Z"
        },
        "type": {
          "coding": [
            {
              "system": "http://terminology.hl7.org/ValueSet/v3-ActCoverageTypeCode",
              "code": "MCPOL"
            }
          ]
        }
      }
    },
    {
      "resource": {
        "resourceType": "Procedure",
        "id": "Procedure-63-94",
        "subject": {
          "reference": "Patient/Patient-63"
        },
        "code": {
          "coding": [
            {
              "system": "http://snomed.info/sct",
              "version": "2020.09.20AA",
              "code": "443761007",
              "display": "Anticipatory palliative care"
            }
          ]
        },
        "performedDateTime": "2022-01-01T00:00:00.000Z",
        "status": "completed"
      }
    }
  ]
}