{
  "resourceType": "Bundle",
  "id": "Bundle-20",
  "entry": [
    {
      "resource": {
        "resourceType": "Patient",
        "id": "Patient-20",
        "name": [
          {
            "given": [
              "AbsenceRightBreastLTMastectomy"
            ],
            "family": "DenexPass"
          }
        ],
        "birthDate": "1970-12-31",
        "gender": "female"
      }
    },
    {
      "resource": {
        "resourceType": "Coverage",
        "id": "Coverage-20-93",
        "policyHolder": {
          "reference": "Patient/Patient-20"
        },
        "period": {
          "start": "2020-10-01T00:00:00.000Z",
          "end": "2022-12-31T23:59:59.000Z"
        },
        "type": {
          "coding": [
            {
              "system": "http://terminology.hl7.org/ValueSet/v3-ActCoverageTypeCode",
              "code": "MCPOL"
            }
          ]
        }
      }
    },
    {
      "resource": {
        "resourceType": "Condition",
        "id": "Condition-20-94",
        "clinicalStatus": {
          "coding": [
            {
              "code": "active",
              "system": "http://terminology.hl7.org/CodeSystem/condition-clinical"
            }
          ]
        },
        "subject": {
          "reference": "Patient/Patient-20"
        },
        "code": {
          "coding": [
            {
              "system": "http://snomed.info/sct",
              "version": "2020.09.20AA",
              "code": "137681000119108",
              "display": "History of prophylactic mastectomy of right breast"
            }
          ]
        },
        "onsetDateTime": "2020-10-01T00:00:00.000Z",
        "abatementDateTime": "2020-10-01T23:59:59.000Z"
      }
    },
    {
      "resource": {
        "resourceType": "Procedure",
        "id": "Procedure-20-95",
        "subject": {
          "reference": "Patient/Patient-20"
        },
        "code": {
          "coding": [
            {
              "system": "http://snomed.info/sct",
              "version": "2020.09.20AA",
              "code": "359740003",
              "display": "Extended radical mastectomy"
            }
          ]
        },
        "performedDateTime": "2020-10-01T00:00:00.000Z",
        "bodySite": [
          {
            "coding": [
              {
                "code": "LT",
                "system": "http://www.ama-assn.org/go/cpt"
              }
            ]
          }
        ],
        "status": "completed"
      }
    }
  ]
}