{
   "library" : {
      "annotation" : [ {
         "translatorOptions" : "EnableAnnotations,EnableLocators,EnableResultTypes",
         "type" : "CqlToElmInfo"
      } ],
      "identifier" : {
         "id" : "NCQA_Hospice",
         "version" : "1.0.0"
      },
      "schemaIdentifier" : {
         "id" : "urn:hl7-org:elm",
         "version" : "r1"
      },
      "usings" : {
         "def" : [ {
            "localIdentifier" : "System",
            "uri" : "urn:hl7-org:elm-types:r1"
         }, {
            "localId" : "1",
            "locator" : "3:1-3:26",
            "localIdentifier" : "FHIR",
            "uri" : "http://hl7.org/fhir",
            "version" : "4.0.1"
         } ]
      },
      "includes" : {
         "def" : [ {
            "localId" : "2",
            "locator" : "5:1-5:54",
            "localIdentifier" : "FHIRHelpers",
            "path" : "FHIRHelpers",
            "version" : "4.0.1"
         }, {
            "localId" : "3",
            "locator" : "6:1-6:57",
            "localIdentifier" : "NCQAFHIRBase",
            "path" : "NCQA_FHIRBase",
            "version" : "1.0.0"
         }, {
            "localId" : "4",
            "locator" : "7:1-7:49",
            "localIdentifier" : "Status",
            "path" : "NCQA_Status",
            "version" : "1.0.0"
         } ]
      },
      "parameters" : {
         "def" : [ {
            "localId" : "9",
            "locator" : "12:1-12:49",
            "name" : "Measurement Period",
            "accessLevel" : "Public",
            "resultTypeSpecifier" : {
               "type" : "IntervalTypeSpecifier",
               "pointType" : {
                  "name" : "{urn:hl7-org:elm-types:r1}DateTime",
                  "type" : "NamedTypeSpecifier"
               }
            },
            "parameterTypeSpecifier" : {
               "localId" : "8",
               "locator" : "12:32-12:49",
               "type" : "IntervalTypeSpecifier",
               "resultTypeSpecifier" : {
                  "type" : "IntervalTypeSpecifier",
                  "pointType" : {
                     "name" : "{urn:hl7-org:elm-types:r1}DateTime",
                     "type" : "NamedTypeSpecifier"
                  }
               },
               "pointType" : {
                  "localId" : "7",
                  "locator" : "12:41-12:48",
                  "resultTypeName" : "{urn:hl7-org:elm-types:r1}DateTime",
                  "name" : "{urn:hl7-org:elm-types:r1}DateTime",
                  "type" : "NamedTypeSpecifier"
               }
            }
         } ]
      },
      "valueSets" : {
         "def" : [ {
            "localId" : "5",
            "locator" : "9:1-9:99",
            "name" : "Hospice Encounter",
            "id" : "https://www.ncqa.org/fhir/valueset/2.16.840.1.113883.3.464.1004.1761",
            "accessLevel" : "Public",
            "resultTypeSpecifier" : {
               "type" : "ListTypeSpecifier",
               "elementType" : {
                  "name" : "{urn:hl7-org:elm-types:r1}Code",
                  "type" : "NamedTypeSpecifier"
               }
            }
         }, {
            "localId" : "6",
            "locator" : "10:1-10:103",
            "name" : "Hospice Intervention",
            "id" : "https://www.ncqa.org/fhir/valueset/2.16.840.1.113883.3.464.1004.1762",
            "accessLevel" : "Public",
            "resultTypeSpecifier" : {
               "type" : "ListTypeSpecifier",
               "elementType" : {
                  "name" : "{urn:hl7-org:elm-types:r1}Code",
                  "type" : "NamedTypeSpecifier"
               }
            }
         } ]
      },
      "statements" : {
         "def" : [ {
            "locator" : "14:1-14:15",
            "name" : "Patient",
            "context" : "Patient",
            "expression" : {
               "type" : "SingletonFrom",
               "operand" : {
                  "locator" : "14:1-14:15",
                  "dataType" : "{http://hl7.org/fhir}Patient",
                  "templateId" : "http://hl7.org/fhir/StructureDefinition/Patient",
                  "type" : "Retrieve"
               }
            }
         }, {
            "localId" : "35",
            "locator" : "16:1-22:1",
            "resultTypeName" : "{urn:hl7-org:elm-types:r1}Boolean",
            "name" : "Hospice Intervention or Encounter",
            "context" : "Patient",
            "accessLevel" : "Public",
            "annotation" : [ {
               "type" : "Annotation",
               "s" : {
                  "r" : "35",
                  "s" : [ {
                     "value" : [ "define ","\"Hospice Intervention or Encounter\"",":\r\n" ]
                  }, {
                     "r" : "34",
                     "s" : [ {
                        "r" : "21",
                        "s" : [ {
                           "value" : [ "exists " ]
                        }, {
                           "r" : "20",
                           "s" : [ {
                              "value" : [ "(" ]
                           }, {
                              "r" : "20",
                              "s" : [ {
                                 "s" : [ {
                                    "r" : "13",
                                    "s" : [ {
                                       "r" : "12",
                                       "s" : [ {
                                          "value" : [ "(" ]
                                       }, {
                                          "r" : "12",
                                          "s" : [ {
                                             "r" : "10",
                                             "s" : [ {
                                                "value" : [ "Status" ]
                                             } ]
                                          }, {
                                             "value" : [ "." ]
                                          }, {
                                             "r" : "12",
                                             "s" : [ {
                                                "value" : [ "\"Completed or Ongoing Procedure\"","(" ]
                                             }, {
                                                "r" : "11",
                                                "s" : [ {
                                                   "value" : [ "[","Procedure",":" ]
                                                }, {
                                                   "s" : [ {
                                                      "value" : [ "\"Hospice Intervention\"" ]
                                                   } ]
                                                }, {
                                                   "value" : [ "]" ]
                                                } ]
                                             }, {
                                                "value" : [ ")" ]
                                             } ]
                                          } ]
                                       }, {
                                          "value" : [ ")" ]
                                       } ]
                                    }, {
                                       "value" : [ " ","HospiceInt" ]
                                    } ]
                                 } ]
                              }, {
                                 "value" : [ "\r\n        " ]
                              }, {
                                 "r" : "19",
                                 "s" : [ {
                                    "value" : [ "where " ]
                                 }, {
                                    "r" : "19",
                                    "s" : [ {
                                       "r" : "17",
                                       "s" : [ {
                                          "r" : "14",
                                          "s" : [ {
                                             "value" : [ "NCQAFHIRBase" ]
                                          } ]
                                       }, {
                                          "value" : [ "." ]
                                       }, {
                                          "r" : "17",
                                          "s" : [ {
                                             "value" : [ "\"Normalize Interval\"","(" ]
                                          }, {
                                             "r" : "16",
                                             "s" : [ {
                                                "r" : "15",
                                                "s" : [ {
                                                   "value" : [ "HospiceInt" ]
                                                } ]
                                             }, {
                                                "value" : [ "." ]
                                             }, {
                                                "r" : "16",
                                                "s" : [ {
                                                   "value" : [ "performed" ]
                                                } ]
                                             } ]
                                          }, {
                                             "value" : [ ")" ]
                                          } ]
                                       } ]
                                    }, {
                                       "r" : "19",
                                       "value" : [ " ","overlaps"," " ]
                                    }, {
                                       "r" : "18",
                                       "s" : [ {
                                          "value" : [ "\"Measurement Period\"" ]
                                       } ]
                                    } ]
                                 } ]
                              } ]
                           }, {
                              "value" : [ "\r\n)" ]
                           } ]
                        } ]
                     }, {
                        "value" : [ "\r\nor " ]
                     }, {
                        "r" : "33",
                        "s" : [ {
                           "value" : [ "exists " ]
                        }, {
                           "r" : "32",
                           "s" : [ {
                              "value" : [ "(" ]
                           }, {
                              "r" : "32",
                              "s" : [ {
                                 "s" : [ {
                                    "r" : "25",
                                    "s" : [ {
                                       "r" : "24",
                                       "s" : [ {
                                          "value" : [ "(" ]
                                       }, {
                                          "r" : "24",
                                          "s" : [ {
                                             "r" : "22",
                                             "s" : [ {
                                                "value" : [ "Status" ]
                                             } ]
                                          }, {
                                             "value" : [ "." ]
                                          }, {
                                             "r" : "24",
                                             "s" : [ {
                                                "value" : [ "\"Finished Encounter\"","(" ]
                                             }, {
                                                "r" : "23",
                                                "s" : [ {
                                                   "value" : [ "[","\"Encounter\"",": " ]
                                                }, {
                                                   "s" : [ {
                                                      "value" : [ "\"Hospice Encounter\"" ]
                                                   } ]
                                                }, {
                                                   "value" : [ "]" ]
                                                } ]
                                             }, {
                                                "value" : [ ")" ]
                                             } ]
                                          } ]
                                       }, {
                                          "value" : [ ")" ]
                                       } ]
                                    }, {
                                       "value" : [ " ","HospiceEnc" ]
                                    } ]
                                 } ]
                              }, {
                                 "value" : [ "\r\n         " ]
                              }, {
                                 "r" : "31",
                                 "s" : [ {
                                    "value" : [ "where " ]
                                 }, {
                                    "r" : "31",
                                    "s" : [ {
                                       "r" : "29",
                                       "s" : [ {
                                          "r" : "26",
                                          "s" : [ {
                                             "value" : [ "NCQAFHIRBase" ]
                                          } ]
                                       }, {
                                          "value" : [ "." ]
                                       }, {
                                          "r" : "29",
                                          "s" : [ {
                                             "value" : [ "\"Normalize Interval\""," (" ]
                                          }, {
                                             "r" : "28",
                                             "s" : [ {
                                                "r" : "27",
                                                "s" : [ {
                                                   "value" : [ "HospiceEnc" ]
                                                } ]
                                             }, {
                                                "value" : [ "." ]
                                             }, {
                                                "r" : "28",
                                                "s" : [ {
                                                   "value" : [ "period" ]
                                                } ]
                                             } ]
                                          }, {
                                             "value" : [ ")" ]
                                          } ]
                                       } ]
                                    }, {
                                       "r" : "31",
                                       "value" : [ " ","overlaps"," " ]
                                    }, {
                                       "r" : "30",
                                       "s" : [ {
                                          "value" : [ "\"Measurement Period\"" ]
                                       } ]
                                    } ]
                                 } ]
                              } ]
                           }, {
                              "value" : [ "\r\n)" ]
                           } ]
                        } ]
                     } ]
                  } ]
               }
            } ],
            "expression" : {
               "localId" : "34",
               "locator" : "17:1-22:1",
               "resultTypeName" : "{urn:hl7-org:elm-types:r1}Boolean",
               "type" : "Or",
               "operand" : [ {
                  "localId" : "21",
                  "locator" : "17:1-19:1",
                  "resultTypeName" : "{urn:hl7-org:elm-types:r1}Boolean",
                  "type" : "Exists",
                  "operand" : {
                     "localId" : "20",
                     "locator" : "17:8-19:1",
                     "type" : "Query",
                     "resultTypeSpecifier" : {
                        "type" : "ListTypeSpecifier",
                        "elementType" : {
                           "name" : "{http://hl7.org/fhir}Procedure",
                           "type" : "NamedTypeSpecifier"
                        }
                     },
                     "source" : [ {
                        "localId" : "13",
                        "locator" : "17:9-17:96",
                        "alias" : "HospiceInt",
                        "resultTypeSpecifier" : {
                           "type" : "ListTypeSpecifier",
                           "elementType" : {
                              "name" : "{http://hl7.org/fhir}Procedure",
                              "type" : "NamedTypeSpecifier"
                           }
                        },
                        "expression" : {
                           "localId" : "12",
                           "locator" : "17:9-17:85",
                           "name" : "Completed or Ongoing Procedure",
                           "libraryName" : "Status",
                           "type" : "FunctionRef",
                           "resultTypeSpecifier" : {
                              "type" : "ListTypeSpecifier",
                              "elementType" : {
                                 "name" : "{http://hl7.org/fhir}Procedure",
                                 "type" : "NamedTypeSpecifier"
                              }
                           },
                           "operand" : [ {
                              "localId" : "11",
                              "locator" : "17:50-17:83",
                              "dataType" : "{http://hl7.org/fhir}Procedure",
                              "templateId" : "http://hl7.org/fhir/StructureDefinition/Procedure",
                              "codeProperty" : "code",
                              "type" : "Retrieve",
                              "resultTypeSpecifier" : {
                                 "type" : "ListTypeSpecifier",
                                 "elementType" : {
                                    "name" : "{http://hl7.org/fhir}Procedure",
                                    "type" : "NamedTypeSpecifier"
                                 }
                              },
                              "codes" : {
                                 "locator" : "17:61-17:82",
                                 "name" : "Hospice Intervention",
                                 "type" : "ValueSetRef",
                                 "resultTypeSpecifier" : {
                                    "type" : "ListTypeSpecifier",
                                    "elementType" : {
                                       "name" : "{urn:hl7-org:elm-types:r1}Code",
                                       "type" : "NamedTypeSpecifier"
                                    }
                                 }
                              }
                           } ]
                        }
                     } ],
                     "relationship" : [ ],
                     "where" : {
                        "localId" : "19",
                        "locator" : "18:9-18:99",
                        "resultTypeName" : "{urn:hl7-org:elm-types:r1}Boolean",
                        "type" : "Overlaps",
                        "operand" : [ {
                           "localId" : "17",
                           "locator" : "18:15-18:69",
                           "name" : "Normalize Interval",
                           "libraryName" : "NCQAFHIRBase",
                           "type" : "FunctionRef",
                           "resultTypeSpecifier" : {
                              "type" : "IntervalTypeSpecifier",
                              "pointType" : {
                                 "name" : "{urn:hl7-org:elm-types:r1}DateTime",
                                 "type" : "NamedTypeSpecifier"
                              }
                           },
                           "operand" : [ {
                              "localId" : "16",
                              "locator" : "18:49-18:68",
                              "path" : "performed",
                              "scope" : "HospiceInt",
                              "type" : "Property",
                              "resultTypeSpecifier" : {
                                 "type" : "ChoiceTypeSpecifier",
                                 "choice" : [ {
                                    "name" : "{http://hl7.org/fhir}dateTime",
                                    "type" : "NamedTypeSpecifier"
                                 }, {
                                    "name" : "{http://hl7.org/fhir}Period",
                                    "type" : "NamedTypeSpecifier"
                                 }, {
                                    "name" : "{http://hl7.org/fhir}string",
                                    "type" : "NamedTypeSpecifier"
                                 }, {
                                    "name" : "{http://hl7.org/fhir}Age",
                                    "type" : "NamedTypeSpecifier"
                                 }, {
                                    "name" : "{http://hl7.org/fhir}Range",
                                    "type" : "NamedTypeSpecifier"
                                 } ]
                              }
                           } ]
                        }, {
                           "localId" : "18",
                           "locator" : "18:80-18:99",
                           "name" : "Measurement Period",
                           "type" : "ParameterRef",
                           "resultTypeSpecifier" : {
                              "type" : "IntervalTypeSpecifier",
                              "pointType" : {
                                 "name" : "{urn:hl7-org:elm-types:r1}DateTime",
                                 "type" : "NamedTypeSpecifier"
                              }
                           }
                        } ]
                     }
                  }
               }, {
                  "localId" : "33",
                  "locator" : "20:4-22:1",
                  "resultTypeName" : "{urn:hl7-org:elm-types:r1}Boolean",
                  "type" : "Exists",
                  "operand" : {
                     "localId" : "32",
                     "locator" : "20:11-22:1",
                     "type" : "Query",
                     "resultTypeSpecifier" : {
                        "type" : "ListTypeSpecifier",
                        "elementType" : {
                           "name" : "{http://hl7.org/fhir}Encounter",
                           "type" : "NamedTypeSpecifier"
                        }
                     },
                     "source" : [ {
                        "localId" : "25",
                        "locator" : "20:12-20:87",
                        "alias" : "HospiceEnc",
                        "resultTypeSpecifier" : {
                           "type" : "ListTypeSpecifier",
                           "elementType" : {
                              "name" : "{http://hl7.org/fhir}Encounter",
                              "type" : "NamedTypeSpecifier"
                           }
                        },
                        "expression" : {
                           "localId" : "24",
                           "locator" : "20:12-20:76",
                           "name" : "Finished Encounter",
                           "libraryName" : "Status",
                           "type" : "FunctionRef",
                           "resultTypeSpecifier" : {
                              "type" : "ListTypeSpecifier",
                              "elementType" : {
                                 "name" : "{http://hl7.org/fhir}Encounter",
                                 "type" : "NamedTypeSpecifier"
                              }
                           },
                           "operand" : [ {
                              "localId" : "23",
                              "locator" : "20:41-20:74",
                              "dataType" : "{http://hl7.org/fhir}Encounter",
                              "templateId" : "http://hl7.org/fhir/StructureDefinition/Encounter",
                              "codeProperty" : "type",
                              "type" : "Retrieve",
                              "resultTypeSpecifier" : {
                                 "type" : "ListTypeSpecifier",
                                 "elementType" : {
                                    "name" : "{http://hl7.org/fhir}Encounter",
                                    "type" : "NamedTypeSpecifier"
                                 }
                              },
                              "codes" : {
                                 "locator" : "20:55-20:73",
                                 "name" : "Hospice Encounter",
                                 "type" : "ValueSetRef",
                                 "resultTypeSpecifier" : {
                                    "type" : "ListTypeSpecifier",
                                    "elementType" : {
                                       "name" : "{urn:hl7-org:elm-types:r1}Code",
                                       "type" : "NamedTypeSpecifier"
                                    }
                                 }
                              }
                           } ]
                        }
                     } ],
                     "relationship" : [ ],
                     "where" : {
                        "localId" : "31",
                        "locator" : "21:10-21:98",
                        "resultTypeName" : "{urn:hl7-org:elm-types:r1}Boolean",
                        "type" : "Overlaps",
                        "operand" : [ {
                           "localId" : "29",
                           "locator" : "21:16-21:68",
                           "name" : "Normalize Interval",
                           "libraryName" : "NCQAFHIRBase",
                           "type" : "FunctionRef",
                           "resultTypeSpecifier" : {
                              "type" : "IntervalTypeSpecifier",
                              "pointType" : {
                                 "name" : "{urn:hl7-org:elm-types:r1}DateTime",
                                 "type" : "NamedTypeSpecifier"
                              }
                           },
                           "operand" : [ {
                              "type" : "As",
                              "operand" : {
                                 "localId" : "28",
                                 "locator" : "21:51-21:67",
                                 "resultTypeName" : "{http://hl7.org/fhir}Period",
                                 "path" : "period",
                                 "scope" : "HospiceEnc",
                                 "type" : "Property"
                              },
                              "asTypeSpecifier" : {
                                 "type" : "ChoiceTypeSpecifier",
                                 "choice" : [ {
                                    "name" : "{http://hl7.org/fhir}dateTime",
                                    "type" : "NamedTypeSpecifier"
                                 }, {
                                    "name" : "{http://hl7.org/fhir}date",
                                    "type" : "NamedTypeSpecifier"
                                 }, {
                                    "name" : "{http://hl7.org/fhir}Period",
                                    "type" : "NamedTypeSpecifier"
                                 }, {
                                    "name" : "{http://hl7.org/fhir}Timing",
                                    "type" : "NamedTypeSpecifier"
                                 }, {
                                    "name" : "{http://hl7.org/fhir}instant",
                                    "type" : "NamedTypeSpecifier"
                                 }, {
                                    "name" : "{http://hl7.org/fhir}string",
                                    "type" : "NamedTypeSpecifier"
                                 }, {
                                    "name" : "{http://hl7.org/fhir}Age",
                                    "type" : "NamedTypeSpecifier"
                                 }, {
                                    "name" : "{http://hl7.org/fhir}Range",
                                    "type" : "NamedTypeSpecifier"
                                 } ]
                              }
                           } ]
                        }, {
                           "localId" : "30",
                           "locator" : "21:79-21:98",
                           "name" : "Measurement Period",
                           "type" : "ParameterRef",
                           "resultTypeSpecifier" : {
                              "type" : "IntervalTypeSpecifier",
                              "pointType" : {
                                 "name" : "{urn:hl7-org:elm-types:r1}DateTime",
                                 "type" : "NamedTypeSpecifier"
                              }
                           }
                        } ]
                     }
                  }
               } ]
            }
         } ]
      }
   }
}

