<?xml version="1.0" encoding="UTF-8"?>
<library xmlns="urn:hl7-org:elm:r1" xmlns:t="urn:hl7-org:elm-types:r1" xmlns:xsi="http://www.w3.org/2001/XMLSchema-instance" xmlns:xsd="http://www.w3.org/2001/XMLSchema" xmlns:fhir="http://hl7.org/fhir" xmlns:qdm43="urn:healthit-gov:qdm:v4_3" xmlns:qdm53="urn:healthit-gov:qdm:v5_3" xmlns:a="urn:hl7-org:cql-annotations:r1">
   <annotation translatorOptions="EnableAnnotations,EnableLocators,EnableResultTypes" xsi:type="a:CqlToElmInfo"/>
   <identifier id="NCQA_Status" version="1.0.0"/>
   <schemaIdentifier id="urn:hl7-org:elm" version="r1"/>
   <usings>
      <def localIdentifier="System" uri="urn:hl7-org:elm-types:r1"/>
      <def localId="1" locator="3:1-3:26" localIdentifier="FHIR" uri="http://hl7.org/fhir" version="4.0.1"/>
   </usings>
   <includes>
      <def localId="2" locator="5:1-5:54" localIdentifier="FHIRHelpers" path="FHIRHelpers" version="4.0.1"/>
      <def localId="3" locator="6:1-6:59" localIdentifier="Terminology" path="NCQA_Terminology" version="1.0.0"/>
   </includes>
   <statements>
      <def locator="8:1-8:15" name="Patient" context="Patient">
         <expression xsi:type="SingletonFrom">
            <operand locator="8:1-8:15" dataType="fhir:Patient" templateId="http://hl7.org/fhir/StructureDefinition/Patient" xsi:type="Retrieve"/>
         </expression>
      </def>
      <def localId="14" locator="11:1-13:62" name="Active Allergy" context="Patient" accessLevel="Public" xsi:type="FunctionDef">
         <annotation xsi:type="a:Annotation">
            <a:s r="14">
               <a:s>define function &quot;Active Allergy&quot;(Allergy </a:s>
               <a:s r="5">
                  <a:s>List&lt;</a:s>
                  <a:s r="4">
                     <a:s>FHIR.AllergyIntolerance</a:s>
                  </a:s>
                  <a:s>></a:s>
               </a:s>
               <a:s>):&#xd;
    </a:s>
               <a:s r="13">
                  <a:s r="13">
                     <a:s>
                        <a:s r="7">
                           <a:s r="6">
                              <a:s>
                                 <a:s>Allergy</a:s>
                              </a:s>
                           </a:s>
                           <a:s> A</a:s>
                        </a:s>
                     </a:s>
                     <a:s>&#xd;
         </a:s>
                     <a:s r="12">
                        <a:s>where </a:s>
                        <a:s r="12">
                           <a:s r="9">
                              <a:s r="8">
                                 <a:s>A</a:s>
                              </a:s>
                              <a:s>.</a:s>
                              <a:s r="9">
                                 <a:s>clinicalStatus</a:s>
                              </a:s>
                           </a:s>
                           <a:s> = </a:s>
                           <a:s r="11">
                              <a:s r="10">
                                 <a:s>Terminology</a:s>
                              </a:s>
                              <a:s>.</a:s>
                              <a:s r="11">
                                 <a:s>&quot;allergy-active&quot;</a:s>
                              </a:s>
                           </a:s>
                        </a:s>
                     </a:s>
                  </a:s>
               </a:s>
            </a:s>
         </annotation>
         <resultTypeSpecifier xsi:type="ListTypeSpecifier">
            <elementType name="fhir:AllergyIntolerance" xsi:type="NamedTypeSpecifier"/>
         </resultTypeSpecifier>
         <expression localId="13" locator="12:5-13:62" xsi:type="Query">
            <resultTypeSpecifier xsi:type="ListTypeSpecifier">
               <elementType name="fhir:AllergyIntolerance" xsi:type="NamedTypeSpecifier"/>
            </resultTypeSpecifier>
            <source localId="7" locator="12:5-12:13" alias="A">
               <resultTypeSpecifier xsi:type="ListTypeSpecifier">
                  <elementType name="fhir:AllergyIntolerance" xsi:type="NamedTypeSpecifier"/>
               </resultTypeSpecifier>
               <expression localId="6" locator="12:5-12:11" name="Allergy" xsi:type="OperandRef">
                  <resultTypeSpecifier xsi:type="ListTypeSpecifier">
                     <elementType name="fhir:AllergyIntolerance" xsi:type="NamedTypeSpecifier"/>
                  </resultTypeSpecifier>
               </expression>
            </source>
            <where localId="12" locator="13:10-13:62" resultTypeName="t:Boolean" xsi:type="Equal">
               <operand name="ToConcept" libraryName="FHIRHelpers" xsi:type="FunctionRef">
                  <operand localId="9" locator="13:16-13:31" resultTypeName="fhir:CodeableConcept" path="clinicalStatus" scope="A" xsi:type="Property"/>
               </operand>
               <operand xsi:type="ToConcept">
                  <operand localId="11" locator="13:35-13:62" resultTypeName="t:Code" name="allergy-active" libraryName="Terminology" xsi:type="CodeRef"/>
               </operand>
            </where>
         </expression>
         <operand name="Allergy">
            <operandTypeSpecifier localId="5" locator="11:42-11:70" xsi:type="ListTypeSpecifier">
               <resultTypeSpecifier xsi:type="ListTypeSpecifier">
                  <elementType name="fhir:AllergyIntolerance" xsi:type="NamedTypeSpecifier"/>
               </resultTypeSpecifier>
               <elementType localId="4" locator="11:47-11:69" resultTypeName="fhir:AllergyIntolerance" name="fhir:AllergyIntolerance" xsi:type="NamedTypeSpecifier"/>
            </operandTypeSpecifier>
         </operand>
      </def>
      <def localId="25" locator="16:1-18:52" name="Active Condition" context="Patient" accessLevel="Public" xsi:type="FunctionDef">
         <annotation xsi:type="a:Annotation">
            <a:s r="25">
               <a:s>define function &quot;Active Condition&quot;(Condition </a:s>
               <a:s r="16">
                  <a:s>List&lt;</a:s>
                  <a:s r="15">
                     <a:s>FHIR.Condition</a:s>
                  </a:s>
                  <a:s>></a:s>
               </a:s>
               <a:s>):&#xd;
   </a:s>
               <a:s r="24">
                  <a:s r="24">
                     <a:s>
                        <a:s r="18">
                           <a:s r="17">
                              <a:s>
                                 <a:s>Condition</a:s>
                              </a:s>
                           </a:s>
                           <a:s> C</a:s>
                        </a:s>
                     </a:s>
                     <a:s>&#xd;
       </a:s>
                     <a:s r="23">
                        <a:s>where </a:s>
                        <a:s r="23">
                           <a:s r="20">
                              <a:s r="19">
                                 <a:s>C</a:s>
                              </a:s>
                              <a:s>.</a:s>
                              <a:s r="20">
                                 <a:s>clinicalStatus</a:s>
                              </a:s>
                           </a:s>
                           <a:s> = </a:s>
                           <a:s r="22">
                              <a:s r="21">
                                 <a:s>Terminology</a:s>
                              </a:s>
                              <a:s>.</a:s>
                              <a:s r="22">
                                 <a:s>&quot;active&quot;</a:s>
                              </a:s>
                           </a:s>
                        </a:s>
                     </a:s>
                  </a:s>
               </a:s>
            </a:s>
         </annotation>
         <resultTypeSpecifier xsi:type="ListTypeSpecifier">
            <elementType name="fhir:Condition" xsi:type="NamedTypeSpecifier"/>
         </resultTypeSpecifier>
         <expression localId="24" locator="17:4-18:52" xsi:type="Query">
            <resultTypeSpecifier xsi:type="ListTypeSpecifier">
               <elementType name="fhir:Condition" xsi:type="NamedTypeSpecifier"/>
            </resultTypeSpecifier>
            <source localId="18" locator="17:4-17:14" alias="C">
               <resultTypeSpecifier xsi:type="ListTypeSpecifier">
                  <elementType name="fhir:Condition" xsi:type="NamedTypeSpecifier"/>
               </resultTypeSpecifier>
               <expression localId="17" locator="17:4-17:12" name="Condition" xsi:type="OperandRef">
                  <resultTypeSpecifier xsi:type="ListTypeSpecifier">
                     <elementType name="fhir:Condition" xsi:type="NamedTypeSpecifier"/>
                  </resultTypeSpecifier>
               </expression>
            </source>
            <where localId="23" locator="18:8-18:52" resultTypeName="t:Boolean" xsi:type="Equal">
               <operand name="ToConcept" libraryName="FHIRHelpers" xsi:type="FunctionRef">
                  <operand localId="20" locator="18:14-18:29" resultTypeName="fhir:CodeableConcept" path="clinicalStatus" scope="C" xsi:type="Property"/>
               </operand>
               <operand xsi:type="ToConcept">
                  <operand localId="22" locator="18:33-18:52" resultTypeName="t:Code" name="active" libraryName="Terminology" xsi:type="CodeRef"/>
               </operand>
            </where>
         </expression>
         <operand name="Condition">
            <operandTypeSpecifier localId="16" locator="16:46-16:65" xsi:type="ListTypeSpecifier">
               <resultTypeSpecifier xsi:type="ListTypeSpecifier">
                  <elementType name="fhir:Condition" xsi:type="NamedTypeSpecifier"/>
               </resultTypeSpecifier>
               <elementType localId="15" locator="16:51-16:64" resultTypeName="fhir:Condition" name="fhir:Condition" xsi:type="NamedTypeSpecifier"/>
            </operandTypeSpecifier>
         </operand>
      </def>
      <def localId="35" locator="21:1-23:35" name="Finished Encounter" context="Patient" accessLevel="Public" xsi:type="FunctionDef">
         <annotation xsi:type="a:Annotation">
            <a:s r="35">
               <a:s>define function &quot;Finished Encounter&quot;(Enc </a:s>
               <a:s r="27">
                  <a:s>List&lt;</a:s>
                  <a:s r="26">
                     <a:s>FHIR.Encounter</a:s>
                  </a:s>
                  <a:s>></a:s>
               </a:s>
               <a:s>):&#xd;
    </a:s>
               <a:s r="34">
                  <a:s r="34">
                     <a:s>
                        <a:s r="29">
                           <a:s r="28">
                              <a:s>
                                 <a:s>Enc</a:s>
                              </a:s>
                           </a:s>
                           <a:s> E</a:s>
                        </a:s>
                     </a:s>
                     <a:s>&#xd;
        </a:s>
                     <a:s r="33">
                        <a:s>where </a:s>
                        <a:s r="33">
                           <a:s r="31">
                              <a:s r="30">
                                 <a:s>E</a:s>
                              </a:s>
                              <a:s>.</a:s>
                              <a:s r="31">
                                 <a:s>status</a:s>
                              </a:s>
                           </a:s>
                           <a:s> = </a:s>
                           <a:s r="32">
                              <a:s>'finished'</a:s>
                           </a:s>
                        </a:s>
                     </a:s>
                  </a:s>
               </a:s>
            </a:s>
         </annotation>
         <resultTypeSpecifier xsi:type="ListTypeSpecifier">
            <elementType name="fhir:Encounter" xsi:type="NamedTypeSpecifier"/>
         </resultTypeSpecifier>
         <expression localId="34" locator="22:5-23:35" xsi:type="Query">
            <resultTypeSpecifier xsi:type="ListTypeSpecifier">
               <elementType name="fhir:Encounter" xsi:type="NamedTypeSpecifier"/>
            </resultTypeSpecifier>
            <source localId="29" locator="22:5-22:9" alias="E">
               <resultTypeSpecifier xsi:type="ListTypeSpecifier">
                  <elementType name="fhir:Encounter" xsi:type="NamedTypeSpecifier"/>
               </resultTypeSpecifier>
               <expression localId="28" locator="22:5-22:7" name="Enc" xsi:type="OperandRef">
                  <resultTypeSpecifier xsi:type="ListTypeSpecifier">
                     <elementType name="fhir:Encounter" xsi:type="NamedTypeSpecifier"/>
                  </resultTypeSpecifier>
               </expression>
            </source>
            <where localId="33" locator="23:9-23:35" resultTypeName="t:Boolean" xsi:type="Equal">
               <operand name="ToString" libraryName="FHIRHelpers" xsi:type="FunctionRef">
                  <operand localId="31" locator="23:15-23:22" resultTypeName="fhir:EncounterStatus" path="status" scope="E" xsi:type="Property"/>
               </operand>
               <operand localId="32" locator="23:26-23:35" resultTypeName="t:String" valueType="t:String" value="finished" xsi:type="Literal"/>
            </where>
         </expression>
         <operand name="Enc">
            <operandTypeSpecifier localId="27" locator="21:42-21:61" xsi:type="ListTypeSpecifier">
               <resultTypeSpecifier xsi:type="ListTypeSpecifier">
                  <elementType name="fhir:Encounter" xsi:type="NamedTypeSpecifier"/>
               </resultTypeSpecifier>
               <elementType localId="26" locator="21:47-21:60" resultTypeName="fhir:Encounter" name="fhir:Encounter" xsi:type="NamedTypeSpecifier"/>
            </operandTypeSpecifier>
         </operand>
      </def>
      <def localId="45" locator="26:1-28:36" name="Completed Immunization" context="Patient" accessLevel="Public" xsi:type="FunctionDef">
         <annotation xsi:type="a:Annotation">
            <a:s r="45">
               <a:s>define function &quot;Completed Immunization&quot;(Immunization </a:s>
               <a:s r="37">
                  <a:s>List&lt;</a:s>
                  <a:s r="36">
                     <a:s>FHIR.Immunization</a:s>
                  </a:s>
                  <a:s>></a:s>
               </a:s>
               <a:s>):&#xd;
    </a:s>
               <a:s r="44">
                  <a:s r="44">
                     <a:s>
                        <a:s r="39">
                           <a:s r="38">
                              <a:s>
                                 <a:s>Immunization</a:s>
                              </a:s>
                           </a:s>
                           <a:s> I</a:s>
                        </a:s>
                     </a:s>
                     <a:s>&#xd;
        </a:s>
                     <a:s r="43">
                        <a:s>where </a:s>
                        <a:s r="43">
                           <a:s r="41">
                              <a:s r="40">
                                 <a:s>I</a:s>
                              </a:s>
                              <a:s>.</a:s>
                              <a:s r="41">
                                 <a:s>status</a:s>
                              </a:s>
                           </a:s>
                           <a:s> = </a:s>
                           <a:s r="42">
                              <a:s>'completed'</a:s>
                           </a:s>
                        </a:s>
                     </a:s>
                  </a:s>
               </a:s>
            </a:s>
         </annotation>
         <resultTypeSpecifier xsi:type="ListTypeSpecifier">
            <elementType name="fhir:Immunization" xsi:type="NamedTypeSpecifier"/>
         </resultTypeSpecifier>
         <expression localId="44" locator="27:5-28:36" xsi:type="Query">
            <resultTypeSpecifier xsi:type="ListTypeSpecifier">
               <elementType name="fhir:Immunization" xsi:type="NamedTypeSpecifier"/>
            </resultTypeSpecifier>
            <source localId="39" locator="27:5-27:18" alias="I">
               <resultTypeSpecifier xsi:type="ListTypeSpecifier">
                  <elementType name="fhir:Immunization" xsi:type="NamedTypeSpecifier"/>
               </resultTypeSpecifier>
               <expression localId="38" locator="27:5-27:16" name="Immunization" xsi:type="OperandRef">
                  <resultTypeSpecifier xsi:type="ListTypeSpecifier">
                     <elementType name="fhir:Immunization" xsi:type="NamedTypeSpecifier"/>
                  </resultTypeSpecifier>
               </expression>
            </source>
            <where localId="43" locator="28:9-28:36" resultTypeName="t:Boolean" xsi:type="Equal">
               <operand name="ToString" libraryName="FHIRHelpers" xsi:type="FunctionRef">
                  <operand localId="41" locator="28:15-28:22" resultTypeName="fhir:ImmunizationStatus" path="status" scope="I" xsi:type="Property"/>
               </operand>
               <operand localId="42" locator="28:26-28:36" resultTypeName="t:String" valueType="t:String" value="completed" xsi:type="Literal"/>
            </where>
         </expression>
         <operand name="Immunization">
            <operandTypeSpecifier localId="37" locator="26:55-26:77" xsi:type="ListTypeSpecifier">
               <resultTypeSpecifier xsi:type="ListTypeSpecifier">
                  <elementType name="fhir:Immunization" xsi:type="NamedTypeSpecifier"/>
               </resultTypeSpecifier>
               <elementType localId="36" locator="26:60-26:76" resultTypeName="fhir:Immunization" name="fhir:Immunization" xsi:type="NamedTypeSpecifier"/>
            </operandTypeSpecifier>
         </operand>
      </def>
      <def localId="55" locator="31:1-33:36" name="Dispensed Medication" context="Patient" accessLevel="Public" xsi:type="FunctionDef">
         <annotation xsi:type="a:Annotation">
            <a:s r="55">
               <a:s>define function &quot;Dispensed Medication&quot;(Med </a:s>
               <a:s r="47">
                  <a:s>List&lt;</a:s>
                  <a:s r="46">
                     <a:s>FHIR.MedicationDispense</a:s>
                  </a:s>
                  <a:s>></a:s>
               </a:s>
               <a:s>):&#xd;
    </a:s>
               <a:s r="54">
                  <a:s r="54">
                     <a:s>
                        <a:s r="49">
                           <a:s r="48">
                              <a:s>
                                 <a:s>Med</a:s>
                              </a:s>
                           </a:s>
                           <a:s> M</a:s>
                        </a:s>
                     </a:s>
                     <a:s>&#xd;
        </a:s>
                     <a:s r="53">
                        <a:s>where </a:s>
                        <a:s r="53">
                           <a:s r="51">
                              <a:s r="50">
                                 <a:s>M</a:s>
                              </a:s>
                              <a:s>.</a:s>
                              <a:s r="51">
                                 <a:s>status</a:s>
                              </a:s>
                           </a:s>
                           <a:s> = </a:s>
                           <a:s r="52">
                              <a:s>'completed'</a:s>
                           </a:s>
                        </a:s>
                     </a:s>
                  </a:s>
               </a:s>
            </a:s>
         </annotation>
         <resultTypeSpecifier xsi:type="ListTypeSpecifier">
            <elementType name="fhir:MedicationDispense" xsi:type="NamedTypeSpecifier"/>
         </resultTypeSpecifier>
         <expression localId="54" locator="32:5-33:36" xsi:type="Query">
            <resultTypeSpecifier xsi:type="ListTypeSpecifier">
               <elementType name="fhir:MedicationDispense" xsi:type="NamedTypeSpecifier"/>
            </resultTypeSpecifier>
            <source localId="49" locator="32:5-32:9" alias="M">
               <resultTypeSpecifier xsi:type="ListTypeSpecifier">
                  <elementType name="fhir:MedicationDispense" xsi:type="NamedTypeSpecifier"/>
               </resultTypeSpecifier>
               <expression localId="48" locator="32:5-32:7" name="Med" xsi:type="OperandRef">
                  <resultTypeSpecifier xsi:type="ListTypeSpecifier">
                     <elementType name="fhir:MedicationDispense" xsi:type="NamedTypeSpecifier"/>
                  </resultTypeSpecifier>
               </expression>
            </source>
            <where localId="53" locator="33:9-33:36" resultTypeName="t:Boolean" xsi:type="Equal">
               <operand name="ToString" libraryName="FHIRHelpers" xsi:type="FunctionRef">
                  <operand localId="51" locator="33:15-33:22" resultTypeName="fhir:MedicationDispenseStatus" path="status" scope="M" xsi:type="Property"/>
               </operand>
               <operand localId="52" locator="33:26-33:36" resultTypeName="t:String" valueType="t:String" value="completed" xsi:type="Literal"/>
            </where>
         </expression>
         <operand name="Med">
            <operandTypeSpecifier localId="47" locator="31:44-31:72" xsi:type="ListTypeSpecifier">
               <resultTypeSpecifier xsi:type="ListTypeSpecifier">
                  <elementType name="fhir:MedicationDispense" xsi:type="NamedTypeSpecifier"/>
               </resultTypeSpecifier>
               <elementType localId="46" locator="31:49-31:71" resultTypeName="fhir:MedicationDispense" name="fhir:MedicationDispense" xsi:type="NamedTypeSpecifier"/>
            </operandTypeSpecifier>
         </operand>
      </def>
      <def localId="66" locator="36:1-38:39" name="Active Medication" context="Patient" accessLevel="Public" xsi:type="FunctionDef">
         <annotation xsi:type="a:Annotation">
            <a:s r="66">
               <a:s>define function &quot;Active Medication&quot;(Med </a:s>
               <a:s r="57">
                  <a:s>List&lt;</a:s>
                  <a:s r="56">
                     <a:s>FHIR.MedicationRequest</a:s>
                  </a:s>
                  <a:s>></a:s>
               </a:s>
               <a:s>):&#xd;
    </a:s>
               <a:s r="65">
                  <a:s r="65">
                     <a:s>
                        <a:s r="59">
                           <a:s r="58">
                              <a:s>
                                 <a:s>Med</a:s>
                              </a:s>
                           </a:s>
                           <a:s> M</a:s>
                        </a:s>
                     </a:s>
                     <a:s>&#xd;
        </a:s>
                     <a:s r="64">
                        <a:s>where </a:s>
                        <a:s r="64">
                           <a:s r="61">
                              <a:s r="60">
                                 <a:s>M</a:s>
                              </a:s>
                              <a:s>.</a:s>
                              <a:s r="61">
                                 <a:s>status</a:s>
                              </a:s>
                           </a:s>
                           <a:s> in </a:s>
                           <a:s r="63">
                              <a:s>{</a:s>
                              <a:s r="62">
                                 <a:s>'completed'</a:s>
                              </a:s>
                              <a:s>}</a:s>
                           </a:s>
                        </a:s>
                     </a:s>
                  </a:s>
               </a:s>
            </a:s>
         </annotation>
         <resultTypeSpecifier xsi:type="ListTypeSpecifier">
            <elementType name="fhir:MedicationRequest" xsi:type="NamedTypeSpecifier"/>
         </resultTypeSpecifier>
         <expression localId="65" locator="37:5-38:39" xsi:type="Query">
            <resultTypeSpecifier xsi:type="ListTypeSpecifier">
               <elementType name="fhir:MedicationRequest" xsi:type="NamedTypeSpecifier"/>
            </resultTypeSpecifier>
            <source localId="59" locator="37:5-37:9" alias="M">
               <resultTypeSpecifier xsi:type="ListTypeSpecifier">
                  <elementType name="fhir:MedicationRequest" xsi:type="NamedTypeSpecifier"/>
               </resultTypeSpecifier>
               <expression localId="58" locator="37:5-37:7" name="Med" xsi:type="OperandRef">
                  <resultTypeSpecifier xsi:type="ListTypeSpecifier">
                     <elementType name="fhir:MedicationRequest" xsi:type="NamedTypeSpecifier"/>
                  </resultTypeSpecifier>
               </expression>
            </source>
            <where localId="64" locator="38:9-38:39" resultTypeName="t:Boolean" xsi:type="In">
               <operand name="ToString" libraryName="FHIRHelpers" xsi:type="FunctionRef">
                  <operand localId="61" locator="38:15-38:22" resultTypeName="fhir:MedicationRequestStatus" path="status" scope="M" xsi:type="Property"/>
               </operand>
               <operand localId="63" locator="38:27-38:39" xsi:type="List">
                  <resultTypeSpecifier xsi:type="ListTypeSpecifier">
                     <elementType name="t:String" xsi:type="NamedTypeSpecifier"/>
                  </resultTypeSpecifier>
                  <element localId="62" locator="38:28-38:38" resultTypeName="t:String" valueType="t:String" value="completed" xsi:type="Literal"/>
               </operand>
            </where>
         </expression>
         <operand name="Med">
            <operandTypeSpecifier localId="57" locator="36:41-36:68" xsi:type="ListTypeSpecifier">
               <resultTypeSpecifier xsi:type="ListTypeSpecifier">
                  <elementType name="fhir:MedicationRequest" xsi:type="NamedTypeSpecifier"/>
               </resultTypeSpecifier>
               <elementType localId="56" locator="36:46-36:67" resultTypeName="fhir:MedicationRequest" name="fhir:MedicationRequest" xsi:type="NamedTypeSpecifier"/>
            </operandTypeSpecifier>
         </operand>
      </def>
      <def localId="76" locator="41:1-43:36" name="Completed Procedure" context="Patient" accessLevel="Public" xsi:type="FunctionDef">
         <annotation xsi:type="a:Annotation">
            <a:s r="76">
               <a:s>define function &quot;Completed Procedure&quot;(Proc </a:s>
               <a:s r="68">
                  <a:s>List&lt;</a:s>
                  <a:s r="67">
                     <a:s>FHIR.Procedure</a:s>
                  </a:s>
                  <a:s>></a:s>
               </a:s>
               <a:s>):&#xd;
    </a:s>
               <a:s r="75">
                  <a:s r="75">
                     <a:s>
                        <a:s r="70">
                           <a:s r="69">
                              <a:s>
                                 <a:s>Proc</a:s>
                              </a:s>
                           </a:s>
                           <a:s> P</a:s>
                        </a:s>
                     </a:s>
                     <a:s>&#xd;
        </a:s>
                     <a:s r="74">
                        <a:s>where </a:s>
                        <a:s r="74">
                           <a:s r="72">
                              <a:s r="71">
                                 <a:s>P</a:s>
                              </a:s>
                              <a:s>.</a:s>
                              <a:s r="72">
                                 <a:s>status</a:s>
                              </a:s>
                           </a:s>
                           <a:s> = </a:s>
                           <a:s r="73">
                              <a:s>'completed'</a:s>
                           </a:s>
                        </a:s>
                     </a:s>
                  </a:s>
               </a:s>
            </a:s>
         </annotation>
         <resultTypeSpecifier xsi:type="ListTypeSpecifier">
            <elementType name="fhir:Procedure" xsi:type="NamedTypeSpecifier"/>
         </resultTypeSpecifier>
         <expression localId="75" locator="42:5-43:36" xsi:type="Query">
            <resultTypeSpecifier xsi:type="ListTypeSpecifier">
               <elementType name="fhir:Procedure" xsi:type="NamedTypeSpecifier"/>
            </resultTypeSpecifier>
            <source localId="70" locator="42:5-42:10" alias="P">
               <resultTypeSpecifier xsi:type="ListTypeSpecifier">
                  <elementType name="fhir:Procedure" xsi:type="NamedTypeSpecifier"/>
               </resultTypeSpecifier>
               <expression localId="69" locator="42:5-42:8" name="Proc" xsi:type="OperandRef">
                  <resultTypeSpecifier xsi:type="ListTypeSpecifier">
                     <elementType name="fhir:Procedure" xsi:type="NamedTypeSpecifier"/>
                  </resultTypeSpecifier>
               </expression>
            </source>
            <where localId="74" locator="43:9-43:36" resultTypeName="t:Boolean" xsi:type="Equal">
               <operand name="ToString" libraryName="FHIRHelpers" xsi:type="FunctionRef">
                  <operand localId="72" locator="43:15-43:22" resultTypeName="fhir:ProcedureStatus" path="status" scope="P" xsi:type="Property"/>
               </operand>
               <operand localId="73" locator="43:26-43:36" resultTypeName="t:String" valueType="t:String" value="completed" xsi:type="Literal"/>
            </where>
         </expression>
         <operand name="Proc">
            <operandTypeSpecifier localId="68" locator="41:44-41:63" xsi:type="ListTypeSpecifier">
               <resultTypeSpecifier xsi:type="ListTypeSpecifier">
                  <elementType name="fhir:Procedure" xsi:type="NamedTypeSpecifier"/>
               </resultTypeSpecifier>
               <elementType localId="67" locator="41:49-41:62" resultTypeName="fhir:Procedure" name="fhir:Procedure" xsi:type="NamedTypeSpecifier"/>
            </operandTypeSpecifier>
         </operand>
      </def>
      <def localId="88" locator="45:1-47:54" name="Completed or Ongoing Procedure" context="Patient" accessLevel="Public" xsi:type="FunctionDef">
         <annotation xsi:type="a:Annotation">
            <a:s r="88">
               <a:s>define function &quot;Completed or Ongoing Procedure&quot;(Proc </a:s>
               <a:s r="78">
                  <a:s>List&lt;</a:s>
                  <a:s r="77">
                     <a:s>FHIR.Procedure</a:s>
                  </a:s>
                  <a:s>></a:s>
               </a:s>
               <a:s>):&#xd;
    </a:s>
               <a:s r="87">
                  <a:s r="87">
                     <a:s>
                        <a:s r="80">
                           <a:s r="79">
                              <a:s>
                                 <a:s>Proc</a:s>
                              </a:s>
                           </a:s>
                           <a:s> P</a:s>
                        </a:s>
                     </a:s>
                     <a:s>&#xd;
        </a:s>
                     <a:s r="86">
                        <a:s>where </a:s>
                        <a:s r="86">
                           <a:s r="82">
                              <a:s r="81">
                                 <a:s>P</a:s>
                              </a:s>
                              <a:s>.</a:s>
                              <a:s r="82">
                                 <a:s>status</a:s>
                              </a:s>
                           </a:s>
                           <a:s> in </a:s>
                           <a:s r="85">
                              <a:s>{</a:s>
                              <a:s r="83">
                                 <a:s>'completed'</a:s>
                              </a:s>
                              <a:s>, </a:s>
                              <a:s r="84">
                                 <a:s>'in-progress'</a:s>
                              </a:s>
                              <a:s>}</a:s>
                           </a:s>
                        </a:s>
                     </a:s>
                  </a:s>
               </a:s>
            </a:s>
         </annotation>
         <resultTypeSpecifier xsi:type="ListTypeSpecifier">
            <elementType name="fhir:Procedure" xsi:type="NamedTypeSpecifier"/>
         </resultTypeSpecifier>
         <expression localId="87" locator="46:5-47:54" xsi:type="Query">
            <resultTypeSpecifier xsi:type="ListTypeSpecifier">
               <elementType name="fhir:Procedure" xsi:type="NamedTypeSpecifier"/>
            </resultTypeSpecifier>
            <source localId="80" locator="46:5-46:10" alias="P">
               <resultTypeSpecifier xsi:type="ListTypeSpecifier">
                  <elementType name="fhir:Procedure" xsi:type="NamedTypeSpecifier"/>
               </resultTypeSpecifier>
               <expression localId="79" locator="46:5-46:8" name="Proc" xsi:type="OperandRef">
                  <resultTypeSpecifier xsi:type="ListTypeSpecifier">
                     <elementType name="fhir:Procedure" xsi:type="NamedTypeSpecifier"/>
                  </resultTypeSpecifier>
               </expression>
            </source>
            <where localId="86" locator="47:9-47:54" resultTypeName="t:Boolean" xsi:type="In">
               <operand name="ToString" libraryName="FHIRHelpers" xsi:type="FunctionRef">
                  <operand localId="82" locator="47:15-47:22" resultTypeName="fhir:ProcedureStatus" path="status" scope="P" xsi:type="Property"/>
               </operand>
               <operand localId="85" locator="47:27-47:54" xsi:type="List">
                  <resultTypeSpecifier xsi:type="ListTypeSpecifier">
                     <elementType name="t:String" xsi:type="NamedTypeSpecifier"/>
                  </resultTypeSpecifier>
                  <element localId="83" locator="47:28-47:38" resultTypeName="t:String" valueType="t:String" value="completed" xsi:type="Literal"/>
                  <element localId="84" locator="47:41-47:53" resultTypeName="t:String" valueType="t:String" value="in-progress" xsi:type="Literal"/>
               </operand>
            </where>
         </expression>
         <operand name="Proc">
            <operandTypeSpecifier localId="78" locator="45:55-45:74" xsi:type="ListTypeSpecifier">
               <resultTypeSpecifier xsi:type="ListTypeSpecifier">
                  <elementType name="fhir:Procedure" xsi:type="NamedTypeSpecifier"/>
               </resultTypeSpecifier>
               <elementType localId="77" locator="45:60-45:73" resultTypeName="fhir:Procedure" name="fhir:Procedure" xsi:type="NamedTypeSpecifier"/>
            </operandTypeSpecifier>
         </operand>
      </def>
   </statements>
</library>


