<?xml version="1.0" encoding="UTF-8"?>
<library xmlns="urn:hl7-org:elm:r1" xmlns:t="urn:hl7-org:elm-types:r1" xmlns:xsi="http://www.w3.org/2001/XMLSchema-instance" xmlns:xsd="http://www.w3.org/2001/XMLSchema" xmlns:fhir="http://hl7.org/fhir" xmlns:qdm43="urn:healthit-gov:qdm:v4_3" xmlns:qdm53="urn:healthit-gov:qdm:v5_3" xmlns:a="urn:hl7-org:cql-annotations:r1">
   <annotation translatorOptions="EnableAnnotations,EnableLocators,EnableResultTypes" xsi:type="a:CqlToElmInfo"/>
   <identifier id="NCQA_PalliativeCare" version="1.0.0"/>
   <schemaIdentifier id="urn:hl7-org:elm" version="r1"/>
   <usings>
      <def localIdentifier="System" uri="urn:hl7-org:elm-types:r1"/>
      <def localId="1" locator="3:1-3:26" localIdentifier="FHIR" uri="http://hl7.org/fhir" version="4.0.1"/>
   </usings>
   <includes>
      <def localId="2" locator="5:1-5:54" localIdentifier="FHIRHelpers" path="FHIRHelpers" version="4.0.1"/>
      <def localId="3" locator="6:1-6:53" localIdentifier="FHIRBase" path="NCQA_FHIRBase" version="1.0.0"/>
      <def localId="4" locator="7:1-7:49" localIdentifier="Status" path="NCQA_Status" version="1.0.0"/>
   </includes>
   <codeSystems>
      <def localId="5" locator="9:1-9:56" name="ICD-10" id="http://hl7.org/fhir/sid/icd-10-cm" accessLevel="Public">
         <resultTypeSpecifier xsi:type="ListTypeSpecifier">
            <elementType name="t:Code" xsi:type="NamedTypeSpecifier"/>
         </resultTypeSpecifier>
      </def>
   </codeSystems>
   <valueSets>
      <def localId="6" locator="11:1-11:109" name="Palliative Care Assessment" id="https://www.ncqa.org/fhir/valueset/2.16.840.1.113883.3.464.1004.2225" accessLevel="Public">
         <resultTypeSpecifier xsi:type="ListTypeSpecifier">
            <elementType name="t:Code" xsi:type="NamedTypeSpecifier"/>
         </resultTypeSpecifier>
      </def>
      <def localId="7" locator="12:1-12:108" name="Palliative Care Encounter" id="https://www.ncqa.org/fhir/valueset/2.16.840.1.113883.3.464.1004.1450" accessLevel="Public">
         <resultTypeSpecifier xsi:type="ListTypeSpecifier">
            <elementType name="t:Code" xsi:type="NamedTypeSpecifier"/>
         </resultTypeSpecifier>
      </def>
      <def localId="8" locator="13:1-13:111" name="Palliative Care Intervention" id="https://www.ncqa.org/fhir/valueset/2.16.840.1.113883.3.464.1004.2224" accessLevel="Public">
         <resultTypeSpecifier xsi:type="ListTypeSpecifier">
            <elementType name="t:Code" xsi:type="NamedTypeSpecifier"/>
         </resultTypeSpecifier>
      </def>
   </valueSets>
   <codes>
      <def localId="10" locator="15:1-15:99" resultTypeName="t:Code" name="Encounter for palliative care" id="Z51.5" display="Encounter for palliative care" accessLevel="Public">
         <codeSystem localId="9" locator="15:52-15:59" name="ICD-10">
            <resultTypeSpecifier xsi:type="ListTypeSpecifier">
               <elementType name="t:Code" xsi:type="NamedTypeSpecifier"/>
            </resultTypeSpecifier>
         </codeSystem>
      </def>
   </codes>
   <statements>
      <def localId="120" locator="17:1-37:5" resultTypeName="t:Boolean" name="Palliative Care Overlapping Period" context="Patient" accessLevel="Public" xsi:type="FunctionDef">
         <annotation xsi:type="a:Annotation">
            <a:s r="120">
               <a:s>define function &quot;Palliative Care Overlapping Period&quot;(Period </a:s>
               <a:s r="12">
                  <a:s>Interval&lt;</a:s>
                  <a:s r="11">
                     <a:s>DateTime</a:s>
                  </a:s>
                  <a:s>></a:s>
               </a:s>
               <a:s>):&#xd;
  </a:s>
               <a:s r="119">
                  <a:s r="119">
                     <a:s r="93">
                        <a:s r="65">
                           <a:s r="37">
                              <a:s>exists </a:s>
                              <a:s r="36">
                                 <a:s>( </a:s>
                                 <a:s r="36">
                                    <a:s>
                                       <a:s r="14">
                                          <a:s r="13">
                                             <a:s r="13">
                                                <a:s>[Observation: </a:s>
                                                <a:s>
                                                   <a:s>&quot;Palliative Care Assessment&quot;</a:s>
                                                </a:s>
                                                <a:s>]</a:s>
                                             </a:s>
                                          </a:s>
                                          <a:s> PalliativeAssessment</a:s>
                                       </a:s>
                                    </a:s>
                                    <a:s>&#xd;
      </a:s>
                                    <a:s r="35">
                                       <a:s>where </a:s>
                                       <a:s r="35">
                                          <a:s r="27">
                                             <a:s>Interval[</a:s>
                                             <a:s r="20">
                                                <a:s>date from </a:s>
                                                <a:s r="19">
                                                   <a:s>start of </a:s>
                                                   <a:s r="18">
                                                      <a:s r="15">
                                                         <a:s>FHIRBase</a:s>
                                                      </a:s>
                                                      <a:s>.</a:s>
                                                      <a:s r="18">
                                                         <a:s>&quot;Normalize Interval&quot; ( </a:s>
                                                         <a:s r="17">
                                                            <a:s r="16">
                                                               <a:s>PalliativeAssessment</a:s>
                                                            </a:s>
                                                            <a:s>.</a:s>
                                                            <a:s r="17">
                                                               <a:s>effective</a:s>
                                                            </a:s>
                                                         </a:s>
                                                         <a:s> )</a:s>
                                                      </a:s>
                                                   </a:s>
                                                </a:s>
                                             </a:s>
                                             <a:s>, </a:s>
                                             <a:s r="26">
                                                <a:s>date from &#xd;
      </a:s>
                                                <a:s r="25">
                                                   <a:s>end of </a:s>
                                                   <a:s r="24">
                                                      <a:s r="21">
                                                         <a:s>FHIRBase</a:s>
                                                      </a:s>
                                                      <a:s>.</a:s>
                                                      <a:s r="24">
                                                         <a:s>&quot;Normalize Interval&quot; ( </a:s>
                                                         <a:s r="23">
                                                            <a:s r="22">
                                                               <a:s>PalliativeAssessment</a:s>
                                                            </a:s>
                                                            <a:s>.</a:s>
                                                            <a:s r="23">
                                                               <a:s>effective</a:s>
                                                            </a:s>
                                                         </a:s>
                                                         <a:s> )</a:s>
                                                      </a:s>
                                                   </a:s>
                                                </a:s>
                                             </a:s>
                                             <a:s>]</a:s>
                                          </a:s>
                                          <a:s r="35">overlaps </a:s>
                                          <a:s r="34">
                                             <a:s>Interval[</a:s>
                                             <a:s r="30">
                                                <a:s>date from </a:s>
                                                <a:s r="29">
                                                   <a:s>start of </a:s>
                                                   <a:s r="28">
                                                      <a:s>Period</a:s>
                                                   </a:s>
                                                </a:s>
                                             </a:s>
                                             <a:s>, </a:s>
                                             <a:s r="33">
                                                <a:s>date from &#xd;
      </a:s>
                                                <a:s r="32">
                                                   <a:s>end of </a:s>
                                                   <a:s r="31">
                                                      <a:s>Period</a:s>
                                                   </a:s>
                                                </a:s>
                                             </a:s>
                                             <a:s>]</a:s>
                                          </a:s>
                                       </a:s>
                                    </a:s>
                                 </a:s>
                                 <a:s>&#xd;
  )</a:s>
                              </a:s>
                           </a:s>
                           <a:s>&#xd;
    or </a:s>
                           <a:s r="64">
                              <a:s>exists </a:s>
                              <a:s r="63">
                                 <a:s>( </a:s>
                                 <a:s r="63">
                                    <a:s>
                                       <a:s r="41">
                                          <a:s r="40">
                                             <a:s>( </a:s>
                                             <a:s r="40">
                                                <a:s r="38">
                                                   <a:s>Status</a:s>
                                                </a:s>
                                                <a:s>.</a:s>
                                                <a:s r="40">
                                                   <a:s>&quot;Finished Encounter&quot; ( </a:s>
                                                   <a:s r="39">
                                                      <a:s>[Encounter: </a:s>
                                                      <a:s>
                                                         <a:s>&quot;Palliative Care Encounter&quot;</a:s>
                                                      </a:s>
                                                      <a:s>]</a:s>
                                                   </a:s>
                                                   <a:s> )</a:s>
                                                </a:s>
                                             </a:s>
                                             <a:s> )</a:s>
                                          </a:s>
                                          <a:s> PalliativeEncounter</a:s>
                                       </a:s>
                                    </a:s>
                                    <a:s>&#xd;
        </a:s>
                                    <a:s r="62">
                                       <a:s>where </a:s>
                                       <a:s r="62">
                                          <a:s r="54">
                                             <a:s>Interval[</a:s>
                                             <a:s r="47">
                                                <a:s>date from </a:s>
                                                <a:s r="46">
                                                   <a:s>start of </a:s>
                                                   <a:s r="45">
                                                      <a:s r="42">
                                                         <a:s>FHIRBase</a:s>
                                                      </a:s>
                                                      <a:s>.</a:s>
                                                      <a:s r="45">
                                                         <a:s>&quot;Normalize Interval&quot; ( </a:s>
                                                         <a:s r="44">
                                                            <a:s r="43">
                                                               <a:s>PalliativeEncounter</a:s>
                                                            </a:s>
                                                            <a:s>.</a:s>
                                                            <a:s r="44">
                                                               <a:s>period</a:s>
                                                            </a:s>
                                                         </a:s>
                                                         <a:s> )</a:s>
                                                      </a:s>
                                                   </a:s>
                                                </a:s>
                                             </a:s>
                                             <a:s>, </a:s>
                                             <a:s r="53">
                                                <a:s>date from &#xd;
        </a:s>
                                                <a:s r="52">
                                                   <a:s>end of </a:s>
                                                   <a:s r="51">
                                                      <a:s r="48">
                                                         <a:s>FHIRBase</a:s>
                                                      </a:s>
                                                      <a:s>.</a:s>
                                                      <a:s r="51">
                                                         <a:s>&quot;Normalize Interval&quot; ( </a:s>
                                                         <a:s r="50">
                                                            <a:s r="49">
                                                               <a:s>PalliativeEncounter</a:s>
                                                            </a:s>
                                                            <a:s>.</a:s>
                                                            <a:s r="50">
                                                               <a:s>period</a:s>
                                                            </a:s>
                                                         </a:s>
                                                         <a:s> )</a:s>
                                                      </a:s>
                                                   </a:s>
                                                </a:s>
                                             </a:s>
                                             <a:s>]</a:s>
                                          </a:s>
                                          <a:s r="62">overlaps </a:s>
                                          <a:s r="61">
                                             <a:s>Interval[</a:s>
                                             <a:s r="57">
                                                <a:s>date from </a:s>
                                                <a:s r="56">
                                                   <a:s>start of </a:s>
                                                   <a:s r="55">
                                                      <a:s>Period</a:s>
                                                   </a:s>
                                                </a:s>
                                             </a:s>
                                             <a:s>, </a:s>
                                             <a:s r="60">
                                                <a:s>date from &#xd;
        </a:s>
                                                <a:s r="59">
                                                   <a:s>end of </a:s>
                                                   <a:s r="58">
                                                      <a:s>Period</a:s>
                                                   </a:s>
                                                </a:s>
                                             </a:s>
                                             <a:s>]</a:s>
                                          </a:s>
                                       </a:s>
                                    </a:s>
                                 </a:s>
                                 <a:s>&#xd;
    )</a:s>
                              </a:s>
                           </a:s>
                        </a:s>
                        <a:s>&#xd;
    or </a:s>
                        <a:s r="92">
                           <a:s>exists </a:s>
                           <a:s r="91">
                              <a:s>( </a:s>
                              <a:s r="91">
                                 <a:s>
                                    <a:s r="69">
                                       <a:s r="68">
                                          <a:s>( </a:s>
                                          <a:s r="68">
                                             <a:s r="66">
                                                <a:s>Status</a:s>
                                             </a:s>
                                             <a:s>.</a:s>
                                             <a:s r="68">
                                                <a:s>&quot;Completed or Ongoing Procedure&quot; ( </a:s>
                                                <a:s r="67">
                                                   <a:s>[Procedure: </a:s>
                                                   <a:s>
                                                      <a:s>&quot;Palliative Care Intervention&quot;</a:s>
                                                   </a:s>
                                                   <a:s>]</a:s>
                                                </a:s>
                                                <a:s> )</a:s>
                                             </a:s>
                                          </a:s>
                                          <a:s> )</a:s>
                                       </a:s>
                                       <a:s> PalliativeIntervention</a:s>
                                    </a:s>
                                 </a:s>
                                 <a:s>&#xd;
        </a:s>
                                 <a:s r="90">
                                    <a:s>where </a:s>
                                    <a:s r="90">
                                       <a:s r="82">
                                          <a:s>Interval[</a:s>
                                          <a:s r="75">
                                             <a:s>date from </a:s>
                                             <a:s r="74">
                                                <a:s>start of </a:s>
                                                <a:s r="73">
                                                   <a:s r="70">
                                                      <a:s>FHIRBase</a:s>
                                                   </a:s>
                                                   <a:s>.</a:s>
                                                   <a:s r="73">
                                                      <a:s>&quot;Normalize Interval&quot; ( </a:s>
                                                      <a:s r="72">
                                                         <a:s r="71">
                                                            <a:s>PalliativeIntervention</a:s>
                                                         </a:s>
                                                         <a:s>.</a:s>
                                                         <a:s r="72">
                                                            <a:s>performed</a:s>
                                                         </a:s>
                                                      </a:s>
                                                      <a:s> )</a:s>
                                                   </a:s>
                                                </a:s>
                                             </a:s>
                                          </a:s>
                                          <a:s>, </a:s>
                                          <a:s r="81">
                                             <a:s>date from &#xd;
        </a:s>
                                             <a:s r="80">
                                                <a:s>end of </a:s>
                                                <a:s r="79">
                                                   <a:s r="76">
                                                      <a:s>FHIRBase</a:s>
                                                   </a:s>
                                                   <a:s>.</a:s>
                                                   <a:s r="79">
                                                      <a:s>&quot;Normalize Interval&quot; ( </a:s>
                                                      <a:s r="78">
                                                         <a:s r="77">
                                                            <a:s>PalliativeIntervention</a:s>
                                                         </a:s>
                                                         <a:s>.</a:s>
                                                         <a:s r="78">
                                                            <a:s>performed</a:s>
                                                         </a:s>
                                                      </a:s>
                                                      <a:s> )</a:s>
                                                   </a:s>
                                                </a:s>
                                             </a:s>
                                          </a:s>
                                          <a:s>]</a:s>
                                       </a:s>
                                       <a:s r="90">overlaps </a:s>
                                       <a:s r="89">
                                          <a:s>Interval[</a:s>
                                          <a:s r="85">
                                             <a:s>date from </a:s>
                                             <a:s r="84">
                                                <a:s>start of </a:s>
                                                <a:s r="83">
                                                   <a:s>Period</a:s>
                                                </a:s>
                                             </a:s>
                                          </a:s>
                                          <a:s>, </a:s>
                                          <a:s r="88">
                                             <a:s>date from &#xd;
        </a:s>
                                             <a:s r="87">
                                                <a:s>end of </a:s>
                                                <a:s r="86">
                                                   <a:s>Period</a:s>
                                                </a:s>
                                             </a:s>
                                          </a:s>
                                          <a:s>]</a:s>
                                       </a:s>
                                    </a:s>
                                 </a:s>
                              </a:s>
                              <a:s>&#xd;
    )</a:s>
                           </a:s>
                        </a:s>
                     </a:s>
                     <a:s>&#xd;
    or </a:s>
                     <a:s r="118">
                        <a:s>exists </a:s>
                        <a:s r="117">
                           <a:s>( </a:s>
                           <a:s r="117">
                              <a:s>
                                 <a:s r="97">
                                    <a:s r="96">
                                       <a:s>( </a:s>
                                       <a:s r="96">
                                          <a:s r="94">
                                             <a:s>Status</a:s>
                                          </a:s>
                                          <a:s>.</a:s>
                                          <a:s r="96">
                                             <a:s>&quot;Active Condition&quot; ( </a:s>
                                             <a:s r="95">
                                                <a:s>[Condition: </a:s>
                                                <a:s>
                                                   <a:s>&quot;Encounter for palliative care&quot;</a:s>
                                                </a:s>
                                                <a:s>]</a:s>
                                             </a:s>
                                             <a:s> )</a:s>
                                          </a:s>
                                       </a:s>
                                       <a:s> )</a:s>
                                    </a:s>
                                    <a:s> PalliativeDiagnosis</a:s>
                                 </a:s>
                              </a:s>
                              <a:s>&#xd;
        </a:s>
                              <a:s r="116">
                                 <a:s>where </a:s>
                                 <a:s r="116">
                                    <a:s r="108">
                                       <a:s>Interval[</a:s>
                                       <a:s r="102">
                                          <a:s>date from </a:s>
                                          <a:s r="101">
                                             <a:s>start of </a:s>
                                             <a:s r="100">
                                                <a:s r="98">
                                                   <a:s>FHIRBase</a:s>
                                                </a:s>
                                                <a:s>.</a:s>
                                                <a:s r="100">
                                                   <a:s>&quot;Prevalence Period&quot; ( </a:s>
                                                   <a:s r="99">
                                                      <a:s>PalliativeDiagnosis</a:s>
                                                   </a:s>
                                                   <a:s> )</a:s>
                                                </a:s>
                                             </a:s>
                                          </a:s>
                                       </a:s>
                                       <a:s>, </a:s>
                                       <a:s r="107">
                                          <a:s>date from &#xd;
        </a:s>
                                          <a:s r="106">
                                             <a:s>end of </a:s>
                                             <a:s r="105">
                                                <a:s r="103">
                                                   <a:s>FHIRBase</a:s>
                                                </a:s>
                                                <a:s>.</a:s>
                                                <a:s r="105">
                                                   <a:s>&quot;Prevalence Period&quot; ( </a:s>
                                                   <a:s r="104">
                                                      <a:s>PalliativeDiagnosis</a:s>
                                                   </a:s>
                                                   <a:s> )</a:s>
                                                </a:s>
                                             </a:s>
                                          </a:s>
                                       </a:s>
                                       <a:s>]</a:s>
                                    </a:s>
                                    <a:s r="116">overlaps </a:s>
                                    <a:s r="115">
                                       <a:s>Interval[</a:s>
                                       <a:s r="111">
                                          <a:s>date from </a:s>
                                          <a:s r="110">
                                             <a:s>start of </a:s>
                                             <a:s r="109">
                                                <a:s>Period</a:s>
                                             </a:s>
                                          </a:s>
                                       </a:s>
                                       <a:s>, </a:s>
                                       <a:s r="114">
                                          <a:s>date from &#xd;
        </a:s>
                                          <a:s r="113">
                                             <a:s>end of </a:s>
                                             <a:s r="112">
                                                <a:s>Period</a:s>
                                             </a:s>
                                          </a:s>
                                       </a:s>
                                       <a:s>]</a:s>
                                    </a:s>
                                 </a:s>
                              </a:s>
                           </a:s>
                           <a:s>&#xd;
    )</a:s>
                        </a:s>
                     </a:s>
                  </a:s>
               </a:s>
            </a:s>
         </annotation>
         <expression localId="119" locator="18:3-37:5" resultTypeName="t:Boolean" xsi:type="Or">
            <operand localId="93" locator="18:3-32:5" resultTypeName="t:Boolean" xsi:type="Or">
               <operand localId="65" locator="18:3-27:5" resultTypeName="t:Boolean" xsi:type="Or">
                  <operand localId="37" locator="18:3-22:3" resultTypeName="t:Boolean" xsi:type="Exists">
                     <operand localId="36" locator="18:10-22:3" xsi:type="Query">
                        <resultTypeSpecifier xsi:type="ListTypeSpecifier">
                           <elementType name="fhir:Observation" xsi:type="NamedTypeSpecifier"/>
                        </resultTypeSpecifier>
                        <source localId="14" locator="18:12-18:75" alias="PalliativeAssessment">
                           <resultTypeSpecifier xsi:type="ListTypeSpecifier">
                              <elementType name="fhir:Observation" xsi:type="NamedTypeSpecifier"/>
                           </resultTypeSpecifier>
                           <expression localId="13" locator="18:12-18:54" dataType="fhir:Observation" templateId="http://hl7.org/fhir/StructureDefinition/Observation" codeProperty="code" xsi:type="Retrieve">
                              <resultTypeSpecifier xsi:type="ListTypeSpecifier">
                                 <elementType name="fhir:Observation" xsi:type="NamedTypeSpecifier"/>
                              </resultTypeSpecifier>
                              <codes locator="18:26-18:53" name="Palliative Care Assessment" xsi:type="ValueSetRef">
                                 <resultTypeSpecifier xsi:type="ListTypeSpecifier">
                                    <elementType name="t:Code" xsi:type="NamedTypeSpecifier"/>
                                 </resultTypeSpecifier>
                              </codes>
                           </expression>
                        </source>
                        <where localId="35" locator="19:7-21:20" resultTypeName="t:Boolean" xsi:type="Overlaps">
                           <operand localId="27" locator="19:13-20:78" lowClosed="true" highClosed="true" xsi:type="Interval">
                              <resultTypeSpecifier xsi:type="IntervalTypeSpecifier">
                                 <pointType name="t:Date" xsi:type="NamedTypeSpecifier"/>
                              </resultTypeSpecifier>
                              <low localId="20" locator="19:22-19:104" resultTypeName="t:Date" xsi:type="DateFrom">
                                 <operand localId="19" locator="19:32-19:104" resultTypeName="t:DateTime" xsi:type="Start">
                                    <operand localId="18" locator="19:41-19:104" name="Normalize Interval" libraryName="FHIRBase" xsi:type="FunctionRef">
                                       <resultTypeSpecifier xsi:type="IntervalTypeSpecifier">
                                          <pointType name="t:DateTime" xsi:type="NamedTypeSpecifier"/>
                                       </resultTypeSpecifier>
                                       <operand localId="17" locator="19:73-19:102" path="effective" scope="PalliativeAssessment" xsi:type="Property">
                                          <resultTypeSpecifier xsi:type="ChoiceTypeSpecifier">
                                             <choice name="fhir:dateTime" xsi:type="NamedTypeSpecifier"/>
                                             <choice name="fhir:Period" xsi:type="NamedTypeSpecifier"/>
                                             <choice name="fhir:Timing" xsi:type="NamedTypeSpecifier"/>
                                             <choice name="fhir:instant" xsi:type="NamedTypeSpecifier"/>
                                          </resultTypeSpecifier>
                                       </operand>
                                    </operand>
                                 </operand>
                              </low>
                              <high localId="26" locator="19:107-20:77" resultTypeName="t:Date" xsi:type="DateFrom">
                                 <operand localId="25" locator="20:7-20:77" resultTypeName="t:DateTime" xsi:type="End">
                                    <operand localId="24" locator="20:14-20:77" name="Normalize Interval" libraryName="FHIRBase" xsi:type="FunctionRef">
                                       <resultTypeSpecifier xsi:type="IntervalTypeSpecifier">
                                          <pointType name="t:DateTime" xsi:type="NamedTypeSpecifier"/>
                                       </resultTypeSpecifier>
                                       <operand localId="23" locator="20:46-20:75" path="effective" scope="PalliativeAssessment" xsi:type="Property">
                                          <resultTypeSpecifier xsi:type="ChoiceTypeSpecifier">
                                             <choice name="fhir:dateTime" xsi:type="NamedTypeSpecifier"/>
                                             <choice name="fhir:Period" xsi:type="NamedTypeSpecifier"/>
                                             <choice name="fhir:Timing" xsi:type="NamedTypeSpecifier"/>
                                             <choice name="fhir:instant" xsi:type="NamedTypeSpecifier"/>
                                          </resultTypeSpecifier>
                                       </operand>
                                    </operand>
                                 </operand>
                              </high>
                           </operand>
                           <operand localId="34" locator="20:88-21:20" lowClosed="true" highClosed="true" xsi:type="Interval">
                              <resultTypeSpecifier xsi:type="IntervalTypeSpecifier">
                                 <pointType name="t:Date" xsi:type="NamedTypeSpecifier"/>
                              </resultTypeSpecifier>
                              <low localId="30" locator="20:97-20:121" resultTypeName="t:Date" xsi:type="DateFrom">
                                 <operand localId="29" locator="20:107-20:121" resultTypeName="t:DateTime" xsi:type="Start">
                                    <operand localId="28" locator="20:116-20:121" name="Period" xsi:type="OperandRef">
                                       <resultTypeSpecifier xsi:type="IntervalTypeSpecifier">
                                          <pointType name="t:DateTime" xsi:type="NamedTypeSpecifier"/>
                                       </resultTypeSpecifier>
                                    </operand>
                                 </operand>
                              </low>
                              <high localId="33" locator="20:124-21:19" resultTypeName="t:Date" xsi:type="DateFrom">
                                 <operand localId="32" locator="21:7-21:19" resultTypeName="t:DateTime" xsi:type="End">
                                    <operand localId="31" locator="21:14-21:19" name="Period" xsi:type="OperandRef">
                                       <resultTypeSpecifier xsi:type="IntervalTypeSpecifier">
                                          <pointType name="t:DateTime" xsi:type="NamedTypeSpecifier"/>
                                       </resultTypeSpecifier>
                                    </operand>
                                 </operand>
                              </high>
                           </operand>
                        </where>
                     </operand>
                  </operand>
                  <operand localId="64" locator="23:8-27:5" resultTypeName="t:Boolean" xsi:type="Exists">
                     <operand localId="63" locator="23:15-27:5" xsi:type="Query">
                        <resultTypeSpecifier xsi:type="ListTypeSpecifier">
                           <elementType name="fhir:Encounter" xsi:type="NamedTypeSpecifier"/>
                        </resultTypeSpecifier>
                        <source localId="41" locator="23:17-23:112" alias="PalliativeEncounter">
                           <resultTypeSpecifier xsi:type="ListTypeSpecifier">
                              <elementType name="fhir:Encounter" xsi:type="NamedTypeSpecifier"/>
                           </resultTypeSpecifier>
                           <expression localId="40" locator="23:17-23:92" name="Finished Encounter" libraryName="Status" xsi:type="FunctionRef">
                              <resultTypeSpecifier xsi:type="ListTypeSpecifier">
                                 <elementType name="fhir:Encounter" xsi:type="NamedTypeSpecifier"/>
                              </resultTypeSpecifier>
                              <operand localId="39" locator="23:49-23:88" dataType="fhir:Encounter" templateId="http://hl7.org/fhir/StructureDefinition/Encounter" codeProperty="type" xsi:type="Retrieve">
                                 <resultTypeSpecifier xsi:type="ListTypeSpecifier">
                                    <elementType name="fhir:Encounter" xsi:type="NamedTypeSpecifier"/>
                                 </resultTypeSpecifier>
                                 <codes locator="23:61-23:87" name="Palliative Care Encounter" xsi:type="ValueSetRef">
                                    <resultTypeSpecifier xsi:type="ListTypeSpecifier">
                                       <elementType name="t:Code" xsi:type="NamedTypeSpecifier"/>
                                    </resultTypeSpecifier>
                                 </codes>
                              </operand>
                           </expression>
                        </source>
                        <where localId="62" locator="24:9-26:22" resultTypeName="t:Boolean" xsi:type="Overlaps">
                           <operand localId="54" locator="24:15-25:76" lowClosed="true" highClosed="true" xsi:type="Interval">
                              <resultTypeSpecifier xsi:type="IntervalTypeSpecifier">
                                 <pointType name="t:Date" xsi:type="NamedTypeSpecifier"/>
                              </resultTypeSpecifier>
                              <low localId="47" locator="24:24-24:102" resultTypeName="t:Date" xsi:type="DateFrom">
                                 <operand localId="46" locator="24:34-24:102" resultTypeName="t:DateTime" xsi:type="Start">
                                    <operand localId="45" locator="24:43-24:102" name="Normalize Interval" libraryName="FHIRBase" xsi:type="FunctionRef">
                                       <resultTypeSpecifier xsi:type="IntervalTypeSpecifier">
                                          <pointType name="t:DateTime" xsi:type="NamedTypeSpecifier"/>
                                       </resultTypeSpecifier>
                                       <operand xsi:type="As">
                                          <operand localId="44" locator="24:75-24:100" resultTypeName="fhir:Period" path="period" scope="PalliativeEncounter" xsi:type="Property"/>
                                          <asTypeSpecifier xsi:type="ChoiceTypeSpecifier">
                                             <choice name="fhir:dateTime" xsi:type="NamedTypeSpecifier"/>
                                             <choice name="fhir:date" xsi:type="NamedTypeSpecifier"/>
                                             <choice name="fhir:Period" xsi:type="NamedTypeSpecifier"/>
                                             <choice name="fhir:Timing" xsi:type="NamedTypeSpecifier"/>
                                             <choice name="fhir:instant" xsi:type="NamedTypeSpecifier"/>
                                             <choice name="fhir:string" xsi:type="NamedTypeSpecifier"/>
                                             <choice name="fhir:Age" xsi:type="NamedTypeSpecifier"/>
                                             <choice name="fhir:Range" xsi:type="NamedTypeSpecifier"/>
                                          </asTypeSpecifier>
                                       </operand>
                                    </operand>
                                 </operand>
                              </low>
                              <high localId="53" locator="24:105-25:75" resultTypeName="t:Date" xsi:type="DateFrom">
                                 <operand localId="52" locator="25:9-25:75" resultTypeName="t:DateTime" xsi:type="End">
                                    <operand localId="51" locator="25:16-25:75" name="Normalize Interval" libraryName="FHIRBase" xsi:type="FunctionRef">
                                       <resultTypeSpecifier xsi:type="IntervalTypeSpecifier">
                                          <pointType name="t:DateTime" xsi:type="NamedTypeSpecifier"/>
                                       </resultTypeSpecifier>
                                       <operand xsi:type="As">
                                          <operand localId="50" locator="25:48-25:73" resultTypeName="fhir:Period" path="period" scope="PalliativeEncounter" xsi:type="Property"/>
                                          <asTypeSpecifier xsi:type="ChoiceTypeSpecifier">
                                             <choice name="fhir:dateTime" xsi:type="NamedTypeSpecifier"/>
                                             <choice name="fhir:date" xsi:type="NamedTypeSpecifier"/>
                                             <choice name="fhir:Period" xsi:type="NamedTypeSpecifier"/>
                                             <choice name="fhir:Timing" xsi:type="NamedTypeSpecifier"/>
                                             <choice name="fhir:instant" xsi:type="NamedTypeSpecifier"/>
                                             <choice name="fhir:string" xsi:type="NamedTypeSpecifier"/>
                                             <choice name="fhir:Age" xsi:type="NamedTypeSpecifier"/>
                                             <choice name="fhir:Range" xsi:type="NamedTypeSpecifier"/>
                                          </asTypeSpecifier>
                                       </operand>
                                    </operand>
                                 </operand>
                              </high>
                           </operand>
                           <operand localId="61" locator="25:86-26:22" lowClosed="true" highClosed="true" xsi:type="Interval">
                              <resultTypeSpecifier xsi:type="IntervalTypeSpecifier">
                                 <pointType name="t:Date" xsi:type="NamedTypeSpecifier"/>
                              </resultTypeSpecifier>
                              <low localId="57" locator="25:95-25:119" resultTypeName="t:Date" xsi:type="DateFrom">
                                 <operand localId="56" locator="25:105-25:119" resultTypeName="t:DateTime" xsi:type="Start">
                                    <operand localId="55" locator="25:114-25:119" name="Period" xsi:type="OperandRef">
                                       <resultTypeSpecifier xsi:type="IntervalTypeSpecifier">
                                          <pointType name="t:DateTime" xsi:type="NamedTypeSpecifier"/>
                                       </resultTypeSpecifier>
                                    </operand>
                                 </operand>
                              </low>
                              <high localId="60" locator="25:122-26:21" resultTypeName="t:Date" xsi:type="DateFrom">
                                 <operand localId="59" locator="26:9-26:21" resultTypeName="t:DateTime" xsi:type="End">
                                    <operand localId="58" locator="26:16-26:21" name="Period" xsi:type="OperandRef">
                                       <resultTypeSpecifier xsi:type="IntervalTypeSpecifier">
                                          <pointType name="t:DateTime" xsi:type="NamedTypeSpecifier"/>
                                       </resultTypeSpecifier>
                                    </operand>
                                 </operand>
                              </high>
                           </operand>
                        </where>
                     </operand>
                  </operand>
               </operand>
               <operand localId="92" locator="28:8-32:5" resultTypeName="t:Boolean" xsi:type="Exists">
                  <operand localId="91" locator="28:15-32:5" xsi:type="Query">
                     <resultTypeSpecifier xsi:type="ListTypeSpecifier">
                        <elementType name="fhir:Procedure" xsi:type="NamedTypeSpecifier"/>
                     </resultTypeSpecifier>
                     <source localId="69" locator="28:17-28:130" alias="PalliativeIntervention">
                        <resultTypeSpecifier xsi:type="ListTypeSpecifier">
                           <elementType name="fhir:Procedure" xsi:type="NamedTypeSpecifier"/>
                        </resultTypeSpecifier>
                        <expression localId="68" locator="28:17-28:107" name="Completed or Ongoing Procedure" libraryName="Status" xsi:type="FunctionRef">
                           <resultTypeSpecifier xsi:type="ListTypeSpecifier">
                              <elementType name="fhir:Procedure" xsi:type="NamedTypeSpecifier"/>
                           </resultTypeSpecifier>
                           <operand localId="67" locator="28:61-28:103" dataType="fhir:Procedure" templateId="http://hl7.org/fhir/StructureDefinition/Procedure" codeProperty="code" xsi:type="Retrieve">
                              <resultTypeSpecifier xsi:type="ListTypeSpecifier">
                                 <elementType name="fhir:Procedure" xsi:type="NamedTypeSpecifier"/>
                              </resultTypeSpecifier>
                              <codes locator="28:73-28:102" name="Palliative Care Intervention" xsi:type="ValueSetRef">
                                 <resultTypeSpecifier xsi:type="ListTypeSpecifier">
                                    <elementType name="t:Code" xsi:type="NamedTypeSpecifier"/>
                                 </resultTypeSpecifier>
                              </codes>
                           </operand>
                        </expression>
                     </source>
                     <where localId="90" locator="29:9-31:22" resultTypeName="t:Boolean" xsi:type="Overlaps">
                        <operand localId="82" locator="29:15-30:82" lowClosed="true" highClosed="true" xsi:type="Interval">
                           <resultTypeSpecifier xsi:type="IntervalTypeSpecifier">
                              <pointType name="t:Date" xsi:type="NamedTypeSpecifier"/>
                           </resultTypeSpecifier>
                           <low localId="75" locator="29:24-29:108" resultTypeName="t:Date" xsi:type="DateFrom">
                              <operand localId="74" locator="29:34-29:108" resultTypeName="t:DateTime" xsi:type="Start">
                                 <operand localId="73" locator="29:43-29:108" name="Normalize Interval" libraryName="FHIRBase" xsi:type="FunctionRef">
                                    <resultTypeSpecifier xsi:type="IntervalTypeSpecifier">
                                       <pointType name="t:DateTime" xsi:type="NamedTypeSpecifier"/>
                                    </resultTypeSpecifier>
                                    <operand localId="72" locator="29:75-29:106" path="performed" scope="PalliativeIntervention" xsi:type="Property">
                                       <resultTypeSpecifier xsi:type="ChoiceTypeSpecifier">
                                          <choice name="fhir:dateTime" xsi:type="NamedTypeSpecifier"/>
                                          <choice name="fhir:Period" xsi:type="NamedTypeSpecifier"/>
                                          <choice name="fhir:string" xsi:type="NamedTypeSpecifier"/>
                                          <choice name="fhir:Age" xsi:type="NamedTypeSpecifier"/>
                                          <choice name="fhir:Range" xsi:type="NamedTypeSpecifier"/>
                                       </resultTypeSpecifier>
                                    </operand>
                                 </operand>
                              </operand>
                           </low>
                           <high localId="81" locator="29:111-30:81" resultTypeName="t:Date" xsi:type="DateFrom">
                              <operand localId="80" locator="30:9-30:81" resultTypeName="t:DateTime" xsi:type="End">
                                 <operand localId="79" locator="30:16-30:81" name="Normalize Interval" libraryName="FHIRBase" xsi:type="FunctionRef">
                                    <resultTypeSpecifier xsi:type="IntervalTypeSpecifier">
                                       <pointType name="t:DateTime" xsi:type="NamedTypeSpecifier"/>
                                    </resultTypeSpecifier>
                                    <operand localId="78" locator="30:48-30:79" path="performed" scope="PalliativeIntervention" xsi:type="Property">
                                       <resultTypeSpecifier xsi:type="ChoiceTypeSpecifier">
                                          <choice name="fhir:dateTime" xsi:type="NamedTypeSpecifier"/>
                                          <choice name="fhir:Period" xsi:type="NamedTypeSpecifier"/>
                                          <choice name="fhir:string" xsi:type="NamedTypeSpecifier"/>
                                          <choice name="fhir:Age" xsi:type="NamedTypeSpecifier"/>
                                          <choice name="fhir:Range" xsi:type="NamedTypeSpecifier"/>
                                       </resultTypeSpecifier>
                                    </operand>
                                 </operand>
                              </operand>
                           </high>
                        </operand>
                        <operand localId="89" locator="30:92-31:22" lowClosed="true" highClosed="true" xsi:type="Interval">
                           <resultTypeSpecifier xsi:type="IntervalTypeSpecifier">
                              <pointType name="t:Date" xsi:type="NamedTypeSpecifier"/>
                           </resultTypeSpecifier>
                           <low localId="85" locator="30:101-30:125" resultTypeName="t:Date" xsi:type="DateFrom">
                              <operand localId="84" locator="30:111-30:125" resultTypeName="t:DateTime" xsi:type="Start">
                                 <operand localId="83" locator="30:120-30:125" name="Period" xsi:type="OperandRef">
                                    <resultTypeSpecifier xsi:type="IntervalTypeSpecifier">
                                       <pointType name="t:DateTime" xsi:type="NamedTypeSpecifier"/>
                                    </resultTypeSpecifier>
                                 </operand>
                              </operand>
                           </low>
                           <high localId="88" locator="30:128-31:21" resultTypeName="t:Date" xsi:type="DateFrom">
                              <operand localId="87" locator="31:9-31:21" resultTypeName="t:DateTime" xsi:type="End">
                                 <operand localId="86" locator="31:16-31:21" name="Period" xsi:type="OperandRef">
                                    <resultTypeSpecifier xsi:type="IntervalTypeSpecifier">
                                       <pointType name="t:DateTime" xsi:type="NamedTypeSpecifier"/>
                                    </resultTypeSpecifier>
                                 </operand>
                              </operand>
                           </high>
                        </operand>
                     </where>
                  </operand>
               </operand>
            </operand>
            <operand localId="118" locator="33:8-37:5" resultTypeName="t:Boolean" xsi:type="Exists">
               <operand localId="117" locator="33:15-37:5" xsi:type="Query">
                  <resultTypeSpecifier xsi:type="ListTypeSpecifier">
                     <elementType name="fhir:Condition" xsi:type="NamedTypeSpecifier"/>
                  </resultTypeSpecifier>
                  <source localId="97" locator="33:17-33:114" alias="PalliativeDiagnosis">
                     <resultTypeSpecifier xsi:type="ListTypeSpecifier">
                        <elementType name="fhir:Condition" xsi:type="NamedTypeSpecifier"/>
                     </resultTypeSpecifier>
                     <expression localId="96" locator="33:17-33:94" name="Active Condition" libraryName="Status" xsi:type="FunctionRef">
                        <resultTypeSpecifier xsi:type="ListTypeSpecifier">
                           <elementType name="fhir:Condition" xsi:type="NamedTypeSpecifier"/>
                        </resultTypeSpecifier>
                        <operand localId="95" locator="33:47-33:90" dataType="fhir:Condition" templateId="http://hl7.org/fhir/StructureDefinition/Condition" codeProperty="code" xsi:type="Retrieve">
                           <resultTypeSpecifier xsi:type="ListTypeSpecifier">
                              <elementType name="fhir:Condition" xsi:type="NamedTypeSpecifier"/>
                           </resultTypeSpecifier>
                           <codes xsi:type="ToList">
                              <operand locator="33:59-33:89" resultTypeName="t:Code" name="Encounter for palliative care" xsi:type="CodeRef"/>
                           </codes>
                        </operand>
                     </expression>
                  </source>
                  <where localId="116" locator="34:9-36:22" resultTypeName="t:Boolean" xsi:type="Overlaps">
                     <operand localId="108" locator="34:15-35:68" lowClosed="true" highClosed="true" xsi:type="Interval">
                        <resultTypeSpecifier xsi:type="IntervalTypeSpecifier">
                           <pointType name="t:Date" xsi:type="NamedTypeSpecifier"/>
                        </resultTypeSpecifier>
                        <low localId="102" locator="34:24-34:94" resultTypeName="t:Date" xsi:type="DateFrom">
                           <operand localId="101" locator="34:34-34:94" resultTypeName="t:DateTime" xsi:type="Start">
                              <operand localId="100" locator="34:43-34:94" name="Prevalence Period" libraryName="FHIRBase" xsi:type="FunctionRef">
                                 <resultTypeSpecifier xsi:type="IntervalTypeSpecifier">
                                    <pointType name="t:DateTime" xsi:type="NamedTypeSpecifier"/>
                                 </resultTypeSpecifier>
                                 <operand localId="99" locator="34:74-34:92" resultTypeName="fhir:Condition" name="PalliativeDiagnosis" xsi:type="AliasRef"/>
                              </operand>
                           </operand>
                        </low>
                        <high localId="107" locator="34:97-35:67" resultTypeName="t:Date" xsi:type="DateFrom">
                           <operand localId="106" locator="35:9-35:67" resultTypeName="t:DateTime" xsi:type="End">
                              <operand localId="105" locator="35:16-35:67" name="Prevalence Period" libraryName="FHIRBase" xsi:type="FunctionRef">
                                 <resultTypeSpecifier xsi:type="IntervalTypeSpecifier">
                                    <pointType name="t:DateTime" xsi:type="NamedTypeSpecifier"/>
                                 </resultTypeSpecifier>
                                 <operand localId="104" locator="35:47-35:65" resultTypeName="fhir:Condition" name="PalliativeDiagnosis" xsi:type="AliasRef"/>
                              </operand>
                           </operand>
                        </high>
                     </operand>
                     <operand localId="115" locator="35:78-36:22" lowClosed="true" highClosed="true" xsi:type="Interval">
                        <resultTypeSpecifier xsi:type="IntervalTypeSpecifier">
                           <pointType name="t:Date" xsi:type="NamedTypeSpecifier"/>
                        </resultTypeSpecifier>
                        <low localId="111" locator="35:87-35:111" resultTypeName="t:Date" xsi:type="DateFrom">
                           <operand localId="110" locator="35:97-35:111" resultTypeName="t:DateTime" xsi:type="Start">
                              <operand localId="109" locator="35:106-35:111" name="Period" xsi:type="OperandRef">
                                 <resultTypeSpecifier xsi:type="IntervalTypeSpecifier">
                                    <pointType name="t:DateTime" xsi:type="NamedTypeSpecifier"/>
                                 </resultTypeSpecifier>
                              </operand>
                           </operand>
                        </low>
                        <high localId="114" locator="35:114-36:21" resultTypeName="t:Date" xsi:type="DateFrom">
                           <operand localId="113" locator="36:9-36:21" resultTypeName="t:DateTime" xsi:type="End">
                              <operand localId="112" locator="36:16-36:21" name="Period" xsi:type="OperandRef">
                                 <resultTypeSpecifier xsi:type="IntervalTypeSpecifier">
                                    <pointType name="t:DateTime" xsi:type="NamedTypeSpecifier"/>
                                 </resultTypeSpecifier>
                              </operand>
                           </operand>
                        </high>
                     </operand>
                  </where>
               </operand>
            </operand>
         </expression>
         <operand name="Period">
            <operandTypeSpecifier localId="12" locator="17:61-17:78" xsi:type="IntervalTypeSpecifier">
               <resultTypeSpecifier xsi:type="IntervalTypeSpecifier">
                  <pointType name="t:DateTime" xsi:type="NamedTypeSpecifier"/>
               </resultTypeSpecifier>
               <pointType localId="11" locator="17:70-17:77" resultTypeName="t:DateTime" name="t:DateTime" xsi:type="NamedTypeSpecifier"/>
            </operandTypeSpecifier>
         </operand>
      </def>
   </statements>
</library>


