<?xml version="1.0" encoding="UTF-8"?>
<library xmlns="urn:hl7-org:elm:r1" xmlns:t="urn:hl7-org:elm-types:r1" xmlns:xsi="http://www.w3.org/2001/XMLSchema-instance" xmlns:xsd="http://www.w3.org/2001/XMLSchema" xmlns:fhir="http://hl7.org/fhir" xmlns:qdm43="urn:healthit-gov:qdm:v4_3" xmlns:qdm53="urn:healthit-gov:qdm:v5_3" xmlns:a="urn:hl7-org:cql-annotations:r1">
   <annotation translatorOptions="EnableAnnotations,EnableLocators,EnableResultTypes" xsi:type="a:CqlToElmInfo"/>
   <identifier id="NCQA_Hospice" version="1.0.0"/>
   <schemaIdentifier id="urn:hl7-org:elm" version="r1"/>
   <usings>
      <def localIdentifier="System" uri="urn:hl7-org:elm-types:r1"/>
      <def localId="1" locator="3:1-3:26" localIdentifier="FHIR" uri="http://hl7.org/fhir" version="4.0.1"/>
   </usings>
   <includes>
      <def localId="2" locator="5:1-5:54" localIdentifier="FHIRHelpers" path="FHIRHelpers" version="4.0.1"/>
      <def localId="3" locator="6:1-6:57" localIdentifier="NCQAFHIRBase" path="NCQA_FHIRBase" version="1.0.0"/>
      <def localId="4" locator="7:1-7:49" localIdentifier="Status" path="NCQA_Status" version="1.0.0"/>
   </includes>
   <parameters>
      <def localId="9" locator="12:1-12:49" name="Measurement Period" accessLevel="Public">
         <resultTypeSpecifier xsi:type="IntervalTypeSpecifier">
            <pointType name="t:DateTime" xsi:type="NamedTypeSpecifier"/>
         </resultTypeSpecifier>
         <parameterTypeSpecifier localId="8" locator="12:32-12:49" xsi:type="IntervalTypeSpecifier">
            <resultTypeSpecifier xsi:type="IntervalTypeSpecifier">
               <pointType name="t:DateTime" xsi:type="NamedTypeSpecifier"/>
            </resultTypeSpecifier>
            <pointType localId="7" locator="12:41-12:48" resultTypeName="t:DateTime" name="t:DateTime" xsi:type="NamedTypeSpecifier"/>
         </parameterTypeSpecifier>
      </def>
   </parameters>
   <valueSets>
      <def localId="5" locator="9:1-9:99" name="Hospice Encounter" id="https://www.ncqa.org/fhir/valueset/2.16.840.1.113883.3.464.1004.1761" accessLevel="Public">
         <resultTypeSpecifier xsi:type="ListTypeSpecifier">
            <elementType name="t:Code" xsi:type="NamedTypeSpecifier"/>
         </resultTypeSpecifier>
      </def>
      <def localId="6" locator="10:1-10:103" name="Hospice Intervention" id="https://www.ncqa.org/fhir/valueset/2.16.840.1.113883.3.464.1004.1762" accessLevel="Public">
         <resultTypeSpecifier xsi:type="ListTypeSpecifier">
            <elementType name="t:Code" xsi:type="NamedTypeSpecifier"/>
         </resultTypeSpecifier>
      </def>
   </valueSets>
   <statements>
      <def locator="14:1-14:15" name="Patient" context="Patient">
         <expression xsi:type="SingletonFrom">
            <operand locator="14:1-14:15" dataType="fhir:Patient" templateId="http://hl7.org/fhir/StructureDefinition/Patient" xsi:type="Retrieve"/>
         </expression>
      </def>
      <def localId="35" locator="16:1-22:1" resultTypeName="t:Boolean" name="Hospice Intervention or Encounter" context="Patient" accessLevel="Public">
         <annotation xsi:type="a:Annotation">
            <a:s r="35">
               <a:s>define &quot;Hospice Intervention or Encounter&quot;:&#xd;
</a:s>
               <a:s r="34">
                  <a:s r="21">
                     <a:s>exists </a:s>
                     <a:s r="20">
                        <a:s>(</a:s>
                        <a:s r="20">
                           <a:s>
                              <a:s r="13">
                                 <a:s r="12">
                                    <a:s>(</a:s>
                                    <a:s r="12">
                                       <a:s r="10">
                                          <a:s>Status</a:s>
                                       </a:s>
                                       <a:s>.</a:s>
                                       <a:s r="12">
                                          <a:s>&quot;Completed or Ongoing Procedure&quot;(</a:s>
                                          <a:s r="11">
                                             <a:s>[Procedure:</a:s>
                                             <a:s>
                                                <a:s>&quot;Hospice Intervention&quot;</a:s>
                                             </a:s>
                                             <a:s>]</a:s>
                                          </a:s>
                                          <a:s>)</a:s>
                                       </a:s>
                                    </a:s>
                                    <a:s>)</a:s>
                                 </a:s>
                                 <a:s> HospiceInt</a:s>
                              </a:s>
                           </a:s>
                           <a:s>&#xd;
        </a:s>
                           <a:s r="19">
                              <a:s>where </a:s>
                              <a:s r="19">
                                 <a:s r="17">
                                    <a:s r="14">
                                       <a:s>NCQAFHIRBase</a:s>
                                    </a:s>
                                    <a:s>.</a:s>
                                    <a:s r="17">
                                       <a:s>&quot;Normalize Interval&quot;(</a:s>
                                       <a:s r="16">
                                          <a:s r="15">
                                             <a:s>HospiceInt</a:s>
                                          </a:s>
                                          <a:s>.</a:s>
                                          <a:s r="16">
                                             <a:s>performed</a:s>
                                          </a:s>
                                       </a:s>
                                       <a:s>)</a:s>
                                    </a:s>
                                 </a:s>
                                 <a:s r="19"> overlaps </a:s>
                                 <a:s r="18">
                                    <a:s>&quot;Measurement Period&quot;</a:s>
                                 </a:s>
                              </a:s>
                           </a:s>
                        </a:s>
                        <a:s>&#xd;
)</a:s>
                     </a:s>
                  </a:s>
                  <a:s>&#xd;
or </a:s>
                  <a:s r="33">
                     <a:s>exists </a:s>
                     <a:s r="32">
                        <a:s>(</a:s>
                        <a:s r="32">
                           <a:s>
                              <a:s r="25">
                                 <a:s r="24">
                                    <a:s>(</a:s>
                                    <a:s r="24">
                                       <a:s r="22">
                                          <a:s>Status</a:s>
                                       </a:s>
                                       <a:s>.</a:s>
                                       <a:s r="24">
                                          <a:s>&quot;Finished Encounter&quot;(</a:s>
                                          <a:s r="23">
                                             <a:s>[&quot;Encounter&quot;: </a:s>
                                             <a:s>
                                                <a:s>&quot;Hospice Encounter&quot;</a:s>
                                             </a:s>
                                             <a:s>]</a:s>
                                          </a:s>
                                          <a:s>)</a:s>
                                       </a:s>
                                    </a:s>
                                    <a:s>)</a:s>
                                 </a:s>
                                 <a:s> HospiceEnc</a:s>
                              </a:s>
                           </a:s>
                           <a:s>&#xd;
         </a:s>
                           <a:s r="31">
                              <a:s>where </a:s>
                              <a:s r="31">
                                 <a:s r="29">
                                    <a:s r="26">
                                       <a:s>NCQAFHIRBase</a:s>
                                    </a:s>
                                    <a:s>.</a:s>
                                    <a:s r="29">
                                       <a:s>&quot;Normalize Interval&quot; (</a:s>
                                       <a:s r="28">
                                          <a:s r="27">
                                             <a:s>HospiceEnc</a:s>
                                          </a:s>
                                          <a:s>.</a:s>
                                          <a:s r="28">
                                             <a:s>period</a:s>
                                          </a:s>
                                       </a:s>
                                       <a:s>)</a:s>
                                    </a:s>
                                 </a:s>
                                 <a:s r="31"> overlaps </a:s>
                                 <a:s r="30">
                                    <a:s>&quot;Measurement Period&quot;</a:s>
                                 </a:s>
                              </a:s>
                           </a:s>
                        </a:s>
                        <a:s>&#xd;
)</a:s>
                     </a:s>
                  </a:s>
               </a:s>
            </a:s>
         </annotation>
         <expression localId="34" locator="17:1-22:1" resultTypeName="t:Boolean" xsi:type="Or">
            <operand localId="21" locator="17:1-19:1" resultTypeName="t:Boolean" xsi:type="Exists">
               <operand localId="20" locator="17:8-19:1" xsi:type="Query">
                  <resultTypeSpecifier xsi:type="ListTypeSpecifier">
                     <elementType name="fhir:Procedure" xsi:type="NamedTypeSpecifier"/>
                  </resultTypeSpecifier>
                  <source localId="13" locator="17:9-17:96" alias="HospiceInt">
                     <resultTypeSpecifier xsi:type="ListTypeSpecifier">
                        <elementType name="fhir:Procedure" xsi:type="NamedTypeSpecifier"/>
                     </resultTypeSpecifier>
                     <expression localId="12" locator="17:9-17:85" name="Completed or Ongoing Procedure" libraryName="Status" xsi:type="FunctionRef">
                        <resultTypeSpecifier xsi:type="ListTypeSpecifier">
                           <elementType name="fhir:Procedure" xsi:type="NamedTypeSpecifier"/>
                        </resultTypeSpecifier>
                        <operand localId="11" locator="17:50-17:83" dataType="fhir:Procedure" templateId="http://hl7.org/fhir/StructureDefinition/Procedure" codeProperty="code" xsi:type="Retrieve">
                           <resultTypeSpecifier xsi:type="ListTypeSpecifier">
                              <elementType name="fhir:Procedure" xsi:type="NamedTypeSpecifier"/>
                           </resultTypeSpecifier>
                           <codes locator="17:61-17:82" name="Hospice Intervention" xsi:type="ValueSetRef">
                              <resultTypeSpecifier xsi:type="ListTypeSpecifier">
                                 <elementType name="t:Code" xsi:type="NamedTypeSpecifier"/>
                              </resultTypeSpecifier>
                           </codes>
                        </operand>
                     </expression>
                  </source>
                  <where localId="19" locator="18:9-18:99" resultTypeName="t:Boolean" xsi:type="Overlaps">
                     <operand localId="17" locator="18:15-18:69" name="Normalize Interval" libraryName="NCQAFHIRBase" xsi:type="FunctionRef">
                        <resultTypeSpecifier xsi:type="IntervalTypeSpecifier">
                           <pointType name="t:DateTime" xsi:type="NamedTypeSpecifier"/>
                        </resultTypeSpecifier>
                        <operand localId="16" locator="18:49-18:68" path="performed" scope="HospiceInt" xsi:type="Property">
                           <resultTypeSpecifier xsi:type="ChoiceTypeSpecifier">
                              <choice name="fhir:dateTime" xsi:type="NamedTypeSpecifier"/>
                              <choice name="fhir:Period" xsi:type="NamedTypeSpecifier"/>
                              <choice name="fhir:string" xsi:type="NamedTypeSpecifier"/>
                              <choice name="fhir:Age" xsi:type="NamedTypeSpecifier"/>
                              <choice name="fhir:Range" xsi:type="NamedTypeSpecifier"/>
                           </resultTypeSpecifier>
                        </operand>
                     </operand>
                     <operand localId="18" locator="18:80-18:99" name="Measurement Period" xsi:type="ParameterRef">
                        <resultTypeSpecifier xsi:type="IntervalTypeSpecifier">
                           <pointType name="t:DateTime" xsi:type="NamedTypeSpecifier"/>
                        </resultTypeSpecifier>
                     </operand>
                  </where>
               </operand>
            </operand>
            <operand localId="33" locator="20:4-22:1" resultTypeName="t:Boolean" xsi:type="Exists">
               <operand localId="32" locator="20:11-22:1" xsi:type="Query">
                  <resultTypeSpecifier xsi:type="ListTypeSpecifier">
                     <elementType name="fhir:Encounter" xsi:type="NamedTypeSpecifier"/>
                  </resultTypeSpecifier>
                  <source localId="25" locator="20:12-20:87" alias="HospiceEnc">
                     <resultTypeSpecifier xsi:type="ListTypeSpecifier">
                        <elementType name="fhir:Encounter" xsi:type="NamedTypeSpecifier"/>
                     </resultTypeSpecifier>
                     <expression localId="24" locator="20:12-20:76" name="Finished Encounter" libraryName="Status" xsi:type="FunctionRef">
                        <resultTypeSpecifier xsi:type="ListTypeSpecifier">
                           <elementType name="fhir:Encounter" xsi:type="NamedTypeSpecifier"/>
                        </resultTypeSpecifier>
                        <operand localId="23" locator="20:41-20:74" dataType="fhir:Encounter" templateId="http://hl7.org/fhir/StructureDefinition/Encounter" codeProperty="type" xsi:type="Retrieve">
                           <resultTypeSpecifier xsi:type="ListTypeSpecifier">
                              <elementType name="fhir:Encounter" xsi:type="NamedTypeSpecifier"/>
                           </resultTypeSpecifier>
                           <codes locator="20:55-20:73" name="Hospice Encounter" xsi:type="ValueSetRef">
                              <resultTypeSpecifier xsi:type="ListTypeSpecifier">
                                 <elementType name="t:Code" xsi:type="NamedTypeSpecifier"/>
                              </resultTypeSpecifier>
                           </codes>
                        </operand>
                     </expression>
                  </source>
                  <where localId="31" locator="21:10-21:98" resultTypeName="t:Boolean" xsi:type="Overlaps">
                     <operand localId="29" locator="21:16-21:68" name="Normalize Interval" libraryName="NCQAFHIRBase" xsi:type="FunctionRef">
                        <resultTypeSpecifier xsi:type="IntervalTypeSpecifier">
                           <pointType name="t:DateTime" xsi:type="NamedTypeSpecifier"/>
                        </resultTypeSpecifier>
                        <operand xsi:type="As">
                           <operand localId="28" locator="21:51-21:67" resultTypeName="fhir:Period" path="period" scope="HospiceEnc" xsi:type="Property"/>
                           <asTypeSpecifier xsi:type="ChoiceTypeSpecifier">
                              <choice name="fhir:dateTime" xsi:type="NamedTypeSpecifier"/>
                              <choice name="fhir:date" xsi:type="NamedTypeSpecifier"/>
                              <choice name="fhir:Period" xsi:type="NamedTypeSpecifier"/>
                              <choice name="fhir:Timing" xsi:type="NamedTypeSpecifier"/>
                              <choice name="fhir:instant" xsi:type="NamedTypeSpecifier"/>
                              <choice name="fhir:string" xsi:type="NamedTypeSpecifier"/>
                              <choice name="fhir:Age" xsi:type="NamedTypeSpecifier"/>
                              <choice name="fhir:Range" xsi:type="NamedTypeSpecifier"/>
                           </asTypeSpecifier>
                        </operand>
                     </operand>
                     <operand localId="30" locator="21:79-21:98" name="Measurement Period" xsi:type="ParameterRef">
                        <resultTypeSpecifier xsi:type="IntervalTypeSpecifier">
                           <pointType name="t:DateTime" xsi:type="NamedTypeSpecifier"/>
                        </resultTypeSpecifier>
                     </operand>
                  </where>
               </operand>
            </operand>
         </expression>
      </def>
   </statements>
</library>


